sample_id,barcode,celltype
pbmc1k1,AAACCCAAGGAGAGTA-1,celltype5
pbmc1k1,AAACGCTTCAGCCCAG-1,celltype4
pbmc1k1,AAAGAACAGACGACTG-1,celltype7
pbmc1k1,AAAGAACCAATGGCAG-1,celltype6
pbmc1k1,AAAGAACGTCTGCAAT-1,celltype2
pbmc1k1,AAAGGATAGTAGACAT-1,celltype4
pbmc1k1,AAAGGATCACCGGCTA-1,celltype4
pbmc1k1,AAAGGATTCAGCTTGA-1,celltype1
pbmc1k1,AAAGGATTCCGTTTCG-1,celltype1
pbmc1k1,AAAGGGCTCATGCCCT-1,celltype2
pbmc1k1,AAAGGGCTCCGTAGGC-1,celltype3
pbmc1k1,AAAGGTACAACTGCTA-1,celltype1
pbmc1k1,AAAGTCCAGCGGGTTA-1,celltype2
pbmc1k1,AAAGTCCAGTCAACAA-1,celltype7
pbmc1k1,AAAGTCCCACCAGCCA-1,celltype4
pbmc1k1,AAAGTGATCGTACACA-1,celltype3
pbmc1k1,AAATGGAAGCCGCTTG-1,celltype1
pbmc1k1,AAATGGACAATGCTCA-1,celltype1
pbmc1k1,AAATGGAGTACCGCGT-1,celltype6
pbmc1k1,AAATGGATCCTATTTG-1,celltype4
pbmc1k1,AACAAAGGTGATGAAT-1,celltype6
pbmc1k1,AACAACCAGTAGTCCT-1,celltype5
pbmc1k1,AACAACCCACGCTATA-1,celltype3
pbmc1k1,AACAAGAGTTATAGAG-1,celltype1
pbmc1k1,AACAGGGGTGGGAGAG-1,celltype3
pbmc1k1,AACCAACAGCTTGTTG-1,celltype7
pbmc1k1,AACCCAACAACTGATC-1,celltype3
pbmc1k1,AACCCAAGTGGGCTTC-1,celltype4
pbmc1k1,AACCCAATCTTACCGC-1,celltype3
pbmc1k1,AACCTGACATCCTATT-1,celltype5
pbmc1k1,AACCTTTGTTTCGGCG-1,celltype3
pbmc1k1,AACGAAAAGGTTGGTG-1,celltype5
pbmc1k1,AACGAAACAATGTCTG-1,celltype7
pbmc1k1,AACGAAACAGCGTTTA-1,celltype5
pbmc1k1,AACGAAATCCATTTAC-1,celltype2
pbmc1k1,AACGGGAGTCGCTCGA-1,celltype1
pbmc1k1,AACGTCAAGACGCCCT-1,celltype5
pbmc1k1,AAGAACAAGACCATTC-1,celltype3
pbmc1k1,AAGAACAAGCCTCAGC-1,celltype1
pbmc1k1,AAGAACATCTTGCAAG-1,celltype6
pbmc1k1,AAGACAACACTTCAGA-1,celltype1
pbmc1k1,AAGACAACAGATCACT-1,celltype1
pbmc1k1,AAGACAACAGTAGATA-1,celltype7
pbmc1k1,AAGACAATCCGCGAGT-1,celltype2
pbmc1k1,AAGACTCGTGACGTCC-1,celltype7
pbmc1k1,AAGCATCAGGTCCGAA-1,celltype2
pbmc1k1,AAGCATCCAGTCTTCC-1,celltype1
pbmc1k1,AAGCGTTCACTGATTG-1,celltype1
pbmc1k1,AAGCGTTTCGCTATTT-1,celltype4
pbmc1k1,AAGGTAAAGGAAGTAG-1,celltype3
pbmc1k1,AAGGTAAAGGCCACCT-1,celltype6
pbmc1k1,AAGGTAAGTCCTTAAG-1,celltype6
pbmc1k1,AAGTACCAGCGCCTTG-1,celltype2
pbmc1k1,AAGTACCAGCTCCATA-1,celltype2
pbmc1k1,AAGTACCCAAAGAACT-1,celltype2
pbmc1k1,AAGTGAACATCAGCAT-1,celltype3
pbmc1k1,AAGTGAATCGGAAGGT-1,celltype1
pbmc1k1,AAGTTCGAGGATACAT-1,celltype2
pbmc1k1,AAGTTCGGTCAACACT-1,celltype1
pbmc1k1,AATCACGAGGCTCTAT-1,celltype7
pbmc1k1,AATCGACAGTATGTAG-1,celltype7
pbmc1k1,AATCGACGTGAGACGT-1,celltype5
pbmc1k1,AATGAAGCAGTATGAA-1,celltype7
pbmc1k1,AATGACCGTGTCATCA-1,celltype1
pbmc1k1,AATGGAACACTCATAG-1,celltype4
pbmc1k1,AATGGAATCTGATGGT-1,celltype1
pbmc1k1,AATGGCTAGGACGGAG-1,celltype7
pbmc1k1,AATTCCTTCCATTGGA-1,celltype1
pbmc1k1,ACAAAGAAGCCTCAAT-1,celltype1
pbmc1k1,ACAAAGAGTTCCATTT-1,celltype3
pbmc1k1,ACAACCATCTATCCAT-1,celltype2
pbmc1k1,ACAACCATCTGCCCTA-1,celltype6
pbmc1k1,ACAAGCTGTAGGTCAG-1,celltype6
pbmc1k1,ACACCAAAGAGTCAGC-1,celltype2
pbmc1k1,ACACGCGGTGTTGCCG-1,celltype1
pbmc1k1,ACACGCGTCACCTCGT-1,celltype3
pbmc1k1,ACACGCGTCGCCGTGA-1,celltype5
pbmc1k1,ACACTGATCACTGATG-1,celltype5
pbmc1k1,ACACTGATCTTTCCGG-1,celltype6
pbmc1k1,ACAGAAAAGTATTAGG-1,celltype1
pbmc1k1,ACAGAAACACCAGCGT-1,celltype5
pbmc1k1,ACAGCCGTCGCTGTTC-1,celltype4
pbmc1k1,ACATCCCCACAAATGA-1,celltype6
pbmc1k1,ACATCCCGTAAGATTG-1,celltype5
pbmc1k1,ACATCGATCTAAGAAG-1,celltype3
pbmc1k1,ACATCGATCTGAGAGG-1,celltype3
pbmc1k1,ACATCGATCTTGGGCG-1,celltype5
pbmc1k1,ACATGCAGTTGCTTGA-1,celltype5
pbmc1k1,ACATTTCGTGCCGAAA-1,celltype2
pbmc1k1,ACATTTCGTTTCTTAC-1,celltype4
pbmc1k1,ACCACAAAGGCCTTGC-1,celltype5
pbmc1k1,ACCACAAAGGTTAGTA-1,celltype7
pbmc1k1,ACCACAAGTCTGTGGC-1,celltype4
pbmc1k1,ACCATTTCATTGGGAG-1,celltype6
pbmc1k1,ACCCAAAAGCCACAAG-1,celltype7
pbmc1k1,ACCCAAAGTTGGGAAC-1,celltype1
pbmc1k1,ACCCTTGGTATCGTAC-1,celltype6
pbmc1k1,ACCCTTGTCATTTCGT-1,celltype3
pbmc1k1,ACCTACCCAACGGTAG-1,celltype3
pbmc1k1,ACCTGAACATGAGAAT-1,celltype6
pbmc1k1,ACCTGTCTCAAGTCTG-1,celltype2
pbmc1k1,ACCTGTCTCTCAACGA-1,celltype1
pbmc1k1,ACGATCAGTCGTTCAA-1,celltype3
pbmc1k1,ACGATCATCCACGGAC-1,celltype3
pbmc1k1,ACGATCATCCGTTGGG-1,celltype2
pbmc1k1,ACGCACGAGAGAGTGA-1,celltype3
pbmc1k1,ACGGTCGTCACTACGA-1,celltype6
pbmc1k1,ACGGTTAAGTGCTCAT-1,celltype4
pbmc1k1,ACGTAACAGGTGCTTT-1,celltype2
pbmc1k1,ACGTAACTCATATGGC-1,celltype4
pbmc1k1,ACGTAACTCTTCGATT-1,celltype5
pbmc1k1,ACGTACAAGCTGTTCA-1,celltype3
pbmc1k1,ACGTACACAAAGCTCT-1,celltype1
pbmc1k1,ACGTACACAGACGATG-1,celltype3
pbmc1k1,ACGTAGTCACGCCACA-1,celltype4
pbmc1k1,ACGTAGTCATTAGGAA-1,celltype3
pbmc1k1,ACGTTCCGTGGGTCAA-1,celltype5
pbmc1k1,ACTATCTGTGTGTACT-1,celltype3
pbmc1k1,ACTATGGAGAAATCCA-1,celltype4
pbmc1k1,ACTCCCAAGGTTGGTG-1,celltype3
pbmc1k1,ACTCCCATCGTCCTCA-1,celltype2
pbmc1k1,ACTGATGAGCAGCGAT-1,celltype4
pbmc1k1,ACTGATGCACCAGCCA-1,celltype4
pbmc1k1,ACTGTGACAACTCGAT-1,celltype2
pbmc1k1,ACTTATCTCTAAGGAA-1,celltype1
pbmc1k1,ACTTCGCAGAACCGCA-1,celltype6
pbmc1k1,ACTTCGCGTACTCCGG-1,celltype4
pbmc1k1,ACTTTCAAGTATGACA-1,celltype3
pbmc1k1,ACTTTCACAAGCGAAC-1,celltype7
pbmc1k1,ACTTTCAGTACGCGTC-1,celltype6
pbmc1k1,AGAAATGTCATTCGTT-1,celltype7
pbmc1k1,AGAAGCGGTCTAGATC-1,celltype6
pbmc1k1,AGAAGCGTCTGCGTCT-1,celltype6
pbmc1k1,AGACAAAGTAGCTTGT-1,celltype1
pbmc1k1,AGACACTCAAGTCGTT-1,celltype2
pbmc1k1,AGACCATCATTACTCT-1,celltype2
pbmc1k1,AGACTCATCAACGCTA-1,celltype6
pbmc1k1,AGACTCATCAGAGCGA-1,celltype5
pbmc1k1,AGAGAATAGAGGGTCT-1,celltype3
pbmc1k1,AGAGAATCACCCAACG-1,celltype2
pbmc1k1,AGAGAGCAGTTGTCGT-1,celltype4
pbmc1k1,AGAGCAGGTCATAAAG-1,celltype5
pbmc1k1,AGAGCAGGTTGAGTCT-1,celltype2
pbmc1k1,AGAGCAGTCGCGCTGA-1,celltype3
pbmc1k1,AGAGCCCGTCACTCGG-1,celltype2
pbmc1k1,AGATAGAGTGACACGA-1,celltype5
pbmc1k1,AGATCGTCAGGACTTT-1,celltype3
pbmc1k1,AGATGAACAGGCACAA-1,celltype3
pbmc1k1,AGATGCTGTACGGTTT-1,celltype5
pbmc1k1,AGATGCTGTGTGGTCC-1,celltype2
pbmc1k1,AGCATCAGTCGGTGTC-1,celltype1
pbmc1k1,AGCATCAGTGGTCCGT-1,celltype2
pbmc1k1,AGCCAATAGTCCCTAA-1,celltype6
pbmc1k1,AGCCACGCAGGTTCGC-1,celltype2
pbmc1k1,AGCCACGGTTCCGCGA-1,celltype1
pbmc1k1,AGCCACGTCCGAGAAG-1,celltype3
pbmc1k1,AGCCAGCGTAATGCGG-1,celltype2
pbmc1k1,AGCCAGCGTAGTTAGA-1,celltype4
pbmc1k1,AGCGTATCATATGCGT-1,celltype7
pbmc1k1,AGCGTATTCAGTGGGA-1,celltype4
pbmc1k1,AGCGTCGCATTGACCA-1,celltype2
pbmc1k1,AGCGTCGTCCTTATCA-1,celltype7
pbmc1k1,AGCTACACAGTCGGAA-1,celltype6
pbmc1k1,AGCTACAGTCGTTTCC-1,celltype3
pbmc1k1,AGGAAATTCACCATGA-1,celltype1
pbmc1k1,AGGAATACAAACTCGT-1,celltype2
pbmc1k1,AGGAATATCATTACGG-1,celltype2
pbmc1k1,AGGACGAAGACCTTTG-1,celltype3
pbmc1k1,AGGACGAAGATTAGTG-1,celltype6
pbmc1k1,AGGACGATCACTGATG-1,celltype2
pbmc1k1,AGGACGATCCAGTACA-1,celltype3
pbmc1k1,AGGACTTTCCTACCAC-1,celltype3
pbmc1k1,AGGAGGTAGGTCACAG-1,celltype7
pbmc1k1,AGGATAAAGAACAAGG-1,celltype2
pbmc1k1,AGGCCACAGGGCCAAT-1,celltype2
pbmc1k1,AGGCTGCAGGGCTTCC-1,celltype4
pbmc1k1,AGGCTGCGTGTGTGTT-1,celltype4
pbmc1k1,AGGGAGTCACCATTCC-1,celltype7
pbmc1k1,AGGGAGTGTGTCGCTG-1,celltype2
pbmc1k1,AGGGCTCCAATACGCT-1,celltype5
pbmc1k1,AGGGTCCCAGGACATG-1,celltype5
pbmc1k1,AGGGTCCCAGTAGTTC-1,celltype3
pbmc1k1,AGGGTTTCAGCGTGCT-1,celltype1
pbmc1k1,AGGTAGGAGGAAGTAG-1,celltype4
pbmc1k1,AGGTAGGCAAAGCGTG-1,celltype1
pbmc1k1,AGGTCATTCAAGTCGT-1,celltype5
pbmc1k1,AGGTGTTCATTAAGCC-1,celltype1
pbmc1k1,AGGTGTTGTCGATTAC-1,celltype6
pbmc1k1,AGGTGTTTCAATGCAC-1,celltype2
pbmc1k1,AGGTGTTTCGTTACCC-1,celltype5
pbmc1k1,AGGTTACAGGTGCGAT-1,celltype2
pbmc1k1,AGGTTACGTCTGATAC-1,celltype1
pbmc1k1,AGTAACCCAAGCTCTA-1,celltype5
pbmc1k1,AGTAACCTCGTTGTAG-1,celltype2
pbmc1k1,AGTACCAGTGGGTCAA-1,celltype5
pbmc1k1,AGTACCATCAGCTTGA-1,celltype3
pbmc1k1,AGTAGCTAGGAGTACC-1,celltype4
pbmc1k1,AGTAGCTCACTGCTTC-1,celltype7
pbmc1k1,AGTAGCTCAGGCACTC-1,celltype5
pbmc1k1,AGTAGCTGTTAGAAAC-1,celltype5
pbmc1k1,AGTAGTCGTATGACAA-1,celltype6
pbmc1k1,AGTCAACAGTCATGCT-1,celltype1
pbmc1k1,AGTCAACGTACACGCC-1,celltype4
pbmc1k1,AGTCTCCCAACCGTGC-1,celltype4
pbmc1k1,AGTCTCCGTGAGTCAG-1,celltype3
pbmc1k1,AGTGCCGCATCTGGGC-1,celltype3
pbmc1k1,AGTTAGCAGTCAGGGT-1,celltype3
pbmc1k1,AGTTAGCGTACCATAC-1,celltype4
pbmc1k1,AGTTAGCGTTCATCGA-1,celltype3
pbmc1k1,AGTTCCCCAAACAGGC-1,celltype3
pbmc1k1,AGTTCCCGTTACACTG-1,celltype2
pbmc1k1,AGTTCGAGTATGCGTT-1,celltype4
pbmc1k1,ATACCGACACACGGTC-1,celltype6
pbmc1k1,ATACTTCGTACGACTT-1,celltype1
pbmc1k1,ATACTTCGTTCGGTAT-1,celltype2
pbmc1k1,ATACTTCTCAGCTGAT-1,celltype6
pbmc1k1,ATACTTCTCGCCGTGA-1,celltype4
pbmc1k1,ATAGACCTCCGCTTAC-1,celltype3
pbmc1k1,ATAGGCTGTGTTACAC-1,celltype5
pbmc1k1,ATATCCTGTATGAGCG-1,celltype4
pbmc1k1,ATCACAGAGACGTCCC-1,celltype1
pbmc1k1,ATCACAGCATGACGTT-1,celltype5
pbmc1k1,ATCACGATCCGCAACG-1,celltype3
pbmc1k1,ATCACTTGTGGCTGCT-1,celltype1
pbmc1k1,ATCCACCCAGCAGTGA-1,celltype3
pbmc1k1,ATCCACCCATGTCTAG-1,celltype3
pbmc1k1,ATCCACCGTTTGTTGG-1,celltype1
pbmc1k1,ATCCATTAGACGCAGT-1,celltype4
pbmc1k1,ATCCCTGCAATTTCTC-1,celltype3
pbmc1k1,ATCCGTCCAACTCCCT-1,celltype4
pbmc1k1,ATCCTATGTCTGTGCG-1,celltype4
pbmc1k1,ATCGATGCAACGGCTC-1,celltype4
pbmc1k1,ATCGATGGTCAATCTG-1,celltype3
pbmc1k1,ATCGGATAGGAAAGGT-1,celltype6
pbmc1k1,ATCGGCGAGTCCTACA-1,celltype7
pbmc1k1,ATCGTAGCATCGGAGA-1,celltype5
pbmc1k1,ATCGTCCAGCCTGAAG-1,celltype1
pbmc1k1,ATCGTCCGTATGAGGC-1,celltype1
pbmc1k1,ATCGTCCTCGGAGCAA-1,celltype1
pbmc1k1,ATCGTGAAGCAGATAT-1,celltype5
pbmc1k1,ATCTCTACAAGAAACT-1,celltype1
pbmc1k1,ATCTCTAGTCGTGGTC-1,celltype2
pbmc1k1,ATCTTCAAGAAGAGCA-1,celltype5
pbmc1k1,ATCTTCACATACTGAC-1,celltype5
pbmc1k1,ATCTTCAGTCTCTCCA-1,celltype5
pbmc1k1,ATCTTCATCTCATAGG-1,celltype3
pbmc1k1,ATGAAAGTCCTTATGT-1,celltype6
pbmc1k1,ATGACCAAGGCTAACG-1,celltype1
pbmc1k1,ATGACCACAATATCCG-1,celltype6
pbmc1k1,ATGAGTCTCCAGTTCC-1,celltype4
pbmc1k1,ATGATCGGTCGAACAG-1,celltype4
pbmc1k1,ATGCGATGTGCTCTTC-1,celltype4
pbmc1k1,ATGCGATGTTGTAGCT-1,celltype6
pbmc1k1,ATGGAGGGTGTTTACG-1,celltype7
pbmc1k1,ATGGATCGTAGATTGA-1,celltype4
pbmc1k1,ATGGATCTCGACCTAA-1,celltype7
pbmc1k1,ATGGGAGAGACGTCCC-1,celltype6
pbmc1k1,ATGGGAGCACTCCGGA-1,celltype1
pbmc1k1,ATGGGAGTCCACTGAA-1,celltype1
pbmc1k1,ATGGGAGTCCCATACC-1,celltype7
pbmc1k1,ATGGTTGTCACGGAGA-1,celltype5
pbmc1k1,ATGTCCCCAGGAATCG-1,celltype4
pbmc1k1,ATGTCCCCATAGGTTC-1,celltype4
pbmc1k1,ATGTCCCGTCCTACGG-1,celltype5
pbmc1k1,ATGTCTTAGATGGCGT-1,celltype7
pbmc1k1,ATTACTCCAGCTTTGA-1,celltype6
pbmc1k1,ATTACTCGTTGCAACT-1,celltype4
pbmc1k1,ATTCACTAGAAGGCTC-1,celltype3
pbmc1k1,ATTCACTTCTCCGCAT-1,celltype3
pbmc1k1,ATTCAGGCAAGTATCC-1,celltype5
pbmc1k1,ATTCAGGCATAGCTGT-1,celltype1
pbmc1k1,ATTCAGGTCTTCGTGC-1,celltype3
pbmc1k1,ATTCCATCACGACTAT-1,celltype7
pbmc1k1,ATTCCCGAGTCACTCA-1,celltype2
pbmc1k1,ATTCCTACATGAGATA-1,celltype1
pbmc1k1,ATTCGTTCAGTCTTCC-1,celltype6
pbmc1k1,ATTCGTTGTAACACCT-1,celltype2
pbmc1k1,ATTCGTTGTGTAGCAG-1,celltype7
pbmc1k1,ATTCGTTGTGTTCAGT-1,celltype2
pbmc1k1,ATTCGTTGTTCTTGTT-1,celltype5
pbmc1k1,ATTCTACTCTCGTGAA-1,celltype2
pbmc1k1,ATTCTTGAGTTCCAGT-1,celltype7
pbmc1k1,ATTCTTGGTACAATAG-1,celltype3
pbmc1k1,ATTTCACAGTGCAAAT-1,celltype1
pbmc1k1,ATTTCACGTGGATACG-1,celltype1
pbmc1k1,ATTTCTGCAAGGTCTT-1,celltype1
pbmc1k1,ATTTCTGGTATCCTCC-1,celltype4
pbmc1k1,ATTTCTGTCGATGCAT-1,celltype5
pbmc1k1,ATTTCTGTCGGCCAAC-1,celltype6
pbmc1k1,CAAAGAACACATATCG-1,celltype6
pbmc1k1,CAAAGAACAGCTGTTA-1,celltype3
pbmc1k1,CAAAGAAGTTCTCCCA-1,celltype5
pbmc1k1,CAACAACTCGATACTG-1,celltype3
pbmc1k1,CAACAGTCATCCGTTC-1,celltype2
pbmc1k1,CAACAGTTCGAGCACC-1,celltype2
pbmc1k1,CAACCAAGTTAGAAAC-1,celltype5
pbmc1k1,CAACCAATCCGCTTAC-1,celltype7
pbmc1k1,CAACCTCGTATCGGTT-1,celltype6
pbmc1k1,CAACGATAGACGGAAA-1,celltype1
pbmc1k1,CAACGATAGCCTAGGA-1,celltype1
pbmc1k1,CAACGATCAAAGCACG-1,celltype6
pbmc1k1,CAACGATTCAAGCCCG-1,celltype5
pbmc1k1,CAAGACTAGTGGAAAG-1,celltype3
pbmc1k1,CAAGACTTCAATCGGT-1,celltype1
pbmc1k1,CAAGAGGTCTTCACGC-1,celltype1
pbmc1k1,CAAGCTAGTGGCTGCT-1,celltype1
pbmc1k1,CAAGCTATCCAAGGGA-1,celltype7
pbmc1k1,CAAGGGAAGAGTCGAC-1,celltype6
pbmc1k1,CAATACGAGGCAGCTA-1,celltype3
pbmc1k1,CAATACGTCTCGACCT-1,celltype7
pbmc1k1,CAATCGAAGAGGATCC-1,celltype6
pbmc1k1,CAATCGATCCGTACGG-1,celltype6
pbmc1k1,CAATGACTCAAGCCCG-1,celltype2
pbmc1k1,CAATTTCAGATTGCGG-1,celltype4
pbmc1k1,CACACAACAAGAAACT-1,celltype2
pbmc1k1,CACACAACACGAGGAT-1,celltype5
pbmc1k1,CACAGATCACTCCGAG-1,celltype1
pbmc1k1,CACAGATCATCATGAC-1,celltype5
pbmc1k1,CACAGATGTTCCGTTC-1,celltype1
pbmc1k1,CACAGGCCAACGATCT-1,celltype5
pbmc1k1,CACATGAGTTTCGACA-1,celltype6
pbmc1k1,CACCAAAAGGACATCG-1,celltype1
pbmc1k1,CACCGTTCACCCTAGG-1,celltype2
pbmc1k1,CACGAATCACATAGCT-1,celltype6
pbmc1k1,CACGAATTCAAGTCGT-1,celltype6
pbmc1k1,CACGGGTAGCATTTGC-1,celltype1
pbmc1k1,CACGGGTTCCCGATCT-1,celltype4
pbmc1k1,CACGTTCCAGCTTCCT-1,celltype1
pbmc1k1,CACGTTCTCTATCACT-1,celltype6
pbmc1k1,CACTAAGGTGATAGTA-1,celltype6
pbmc1k1,CACTGAAGTCTTTCTA-1,celltype4
pbmc1k1,CACTGAATCCTGATAG-1,celltype1
pbmc1k1,CACTGGGAGGCGACAT-1,celltype1
pbmc1k1,CACTGGGAGTTACTCG-1,celltype5
pbmc1k1,CACTGGGGTCGCACAC-1,celltype1
pbmc1k1,CACTGTCCACATATGC-1,celltype4
pbmc1k1,CACTTCGTCACCTACC-1,celltype1
pbmc1k1,CAGAGCCGTGCCCGTA-1,celltype2
pbmc1k1,CAGATACTCGTTCCCA-1,celltype6
pbmc1k1,CAGATTGAGAACGTGC-1,celltype2
pbmc1k1,CAGATTGAGCTGAGCA-1,celltype6
pbmc1k1,CAGATTGGTGACTAAA-1,celltype4
pbmc1k1,CAGCAATGTATCGTTG-1,celltype1
pbmc1k1,CAGCAGCTCAGAGTTC-1,celltype3
pbmc1k1,CAGCCAGGTGGGTTGA-1,celltype1
pbmc1k1,CAGCGTGTCCATCACC-1,celltype4
pbmc1k1,CAGGCCAGTTCAATCG-1,celltype6
pbmc1k1,CAGGCCATCACTCACC-1,celltype3
pbmc1k1,CAGGCCATCCACTAGA-1,celltype5
pbmc1k1,CAGGGCTAGATTGGGC-1,celltype3
pbmc1k1,CAGGGCTTCGACGAGA-1,celltype7
pbmc1k1,CAGGTATGTCAGTCTA-1,celltype1
pbmc1k1,CAGGTATGTGTAAATG-1,celltype4
pbmc1k1,CAGTTCCCAATCGTCA-1,celltype3
pbmc1k1,CATAAGCGTAGCGCTC-1,celltype2
pbmc1k1,CATAAGCTCCGTGTGG-1,celltype1
pbmc1k1,CATACTTTCAACGAGG-1,celltype6
pbmc1k1,CATAGACCATCTCAAG-1,celltype7
pbmc1k1,CATAGACGTACCTTCC-1,celltype7
pbmc1k1,CATCAAGAGCGCCGTT-1,celltype1
pbmc1k1,CATCAAGGTATGGTTC-1,celltype4
pbmc1k1,CATCAAGGTCTAACTG-1,celltype4
pbmc1k1,CATCAAGGTTGTCCCT-1,celltype4
pbmc1k1,CATCCGTGTATCGCTA-1,celltype2
pbmc1k1,CATCGCTTCTTTGCAT-1,celltype7
pbmc1k1,CATCGGGTCGCTACAA-1,celltype4
pbmc1k1,CATCGTCTCCGTTGAA-1,celltype3
pbmc1k1,CATGAGTCACCATTCC-1,celltype3
pbmc1k1,CATGCCTCAATTGCTG-1,celltype4
pbmc1k1,CATGCCTCAGGCTATT-1,celltype5
pbmc1k1,CATGCCTGTTCCGCAG-1,celltype1
pbmc1k1,CATGCTCGTCTCTCAC-1,celltype4
pbmc1k1,CATTCTAGTAGCTTGT-1,celltype3
pbmc1k1,CATTCTATCAGTAGGG-1,celltype1
pbmc1k1,CATTGAGAGGGACCAT-1,celltype1
pbmc1k1,CATTTCATCTCTCTTC-1,celltype1
pbmc1k1,CCAAGCGAGCTAATCC-1,celltype2
pbmc1k1,CCAAGCGAGGTTCATC-1,celltype5
pbmc1k1,CCAATGAAGGTCACTT-1,celltype4
pbmc1k1,CCAATTTCAAAGGCTG-1,celltype3
pbmc1k1,CCAATTTCATTCGATG-1,celltype3
pbmc1k1,CCACACTCAGGACTTT-1,celltype1
pbmc1k1,CCACCATAGGTCATCT-1,celltype3
pbmc1k1,CCACGAGGTAATCAAG-1,celltype7
pbmc1k1,CCACGAGTCTTCCTAA-1,celltype1
pbmc1k1,CCACGTTTCATCAGTG-1,celltype4
pbmc1k1,CCACGTTTCGTGAGAG-1,celltype6
pbmc1k1,CCACGTTTCTGCTGAA-1,celltype4
pbmc1k1,CCACTTGCAGCTATTG-1,celltype3
pbmc1k1,CCACTTGTCGCAGAGA-1,celltype1
pbmc1k1,CCATAAGGTGAGGAAA-1,celltype1
pbmc1k1,CCATCACAGTGGTGAC-1,celltype7
pbmc1k1,CCATCACCATTAAAGG-1,celltype4
pbmc1k1,CCATCACTCTAACACG-1,celltype5
pbmc1k1,CCCGGAATCAAACCCA-1,celltype2
pbmc1k1,CCCTAACCAGGTTCGC-1,celltype2
pbmc1k1,CCCTAACGTAACTGCT-1,celltype1
pbmc1k1,CCCTTAGGTTTCCAAG-1,celltype6
pbmc1k1,CCGAACGAGCTAAGTA-1,celltype2
pbmc1k1,CCGAACGAGGAACGCT-1,celltype1
pbmc1k1,CCGATCTGTGGAGGTT-1,celltype5
pbmc1k1,CCGATGGGTTCTCGCT-1,celltype1
pbmc1k1,CCGATGGTCACCTCTG-1,celltype5
pbmc1k1,CCGATGGTCTGTCGCT-1,celltype4
pbmc1k1,CCGCAAGCATTCAGGT-1,celltype2
pbmc1k1,CCGCAAGGTACCAGAG-1,celltype6
pbmc1k1,CCGGACAGTGATACCT-1,celltype1
pbmc1k1,CCGGGTACACTCCGAG-1,celltype1
pbmc1k1,CCGGGTACATACCAGT-1,celltype7
pbmc1k1,CCGGTAGGTAGTACGG-1,celltype3
pbmc1k1,CCGTAGGGTTCCCACT-1,celltype3
pbmc1k1,CCGTAGGTCATACAGC-1,celltype4
pbmc1k1,CCGTGAGAGAGGTCAC-1,celltype3
pbmc1k1,CCGTGAGTCGCCTTTG-1,celltype4
pbmc1k1,CCGTTCACAGAAGCTG-1,celltype6
pbmc1k1,CCTAAGAAGACTCTAC-1,celltype3
pbmc1k1,CCTATCGAGACAGCGT-1,celltype5
pbmc1k1,CCTCAACTCTTAGCCC-1,celltype2
pbmc1k1,CCTCAGTAGCAAGGAA-1,celltype5
pbmc1k1,CCTCAGTCATGATGCT-1,celltype2
pbmc1k1,CCTCAGTTCCGAGCTG-1,celltype4
pbmc1k1,CCTCATGCACTATGTG-1,celltype3
pbmc1k1,CCTCATGGTTTCGCTC-1,celltype2
pbmc1k1,CCTCATGTCTCTCAAT-1,celltype5
pbmc1k1,CCTCCAAAGGCCCGTT-1,celltype1
pbmc1k1,CCTCCAACAACCCTCT-1,celltype3
pbmc1k1,CCTCCAACACAATGAA-1,celltype4
pbmc1k1,CCTCCTCAGTCCCGAC-1,celltype4
pbmc1k1,CCTCCTCCATTCAGGT-1,celltype2
pbmc1k1,CCTCCTCTCAAGCGTT-1,celltype2
pbmc1k1,CCTCTAGCAGACCTAT-1,celltype1
pbmc1k1,CCTCTCCGTGTGCTTA-1,celltype7
pbmc1k1,CCTCTCCTCGTTCCTG-1,celltype1
pbmc1k1,CCTGCATAGTGGTGAC-1,celltype1
pbmc1k1,CCTGCATCAACGGGTA-1,celltype2
pbmc1k1,CCTGCATGTTCTTAGG-1,celltype6
pbmc1k1,CCTGTTGGTGTGCCTG-1,celltype5
pbmc1k1,CCTGTTGTCAAGAGTA-1,celltype4
pbmc1k1,CCTTCAGAGGAACGTC-1,celltype7
pbmc1k1,CCTTCAGCACAGAGCA-1,celltype4
pbmc1k1,CGAAGGATCGACGCGT-1,celltype6
pbmc1k1,CGAATTGGTCTGTTAG-1,celltype2
pbmc1k1,CGAGAAGTCAAGTTGC-1,celltype4
pbmc1k1,CGAGAAGTCCAATGCA-1,celltype1
pbmc1k1,CGAGGAAAGTCGCGAA-1,celltype2
pbmc1k1,CGAGGAACACTGATTG-1,celltype4
pbmc1k1,CGAGGAAGTCCTGGGT-1,celltype7
pbmc1k1,CGAGGCTCAGATCACT-1,celltype4
pbmc1k1,CGAGGCTCAGCATGCC-1,celltype5
pbmc1k1,CGAGTGCGTTCCGCGA-1,celltype6
pbmc1k1,CGAGTTAGTCGAGTTT-1,celltype5
pbmc1k1,CGATCGGCAATTGGTC-1,celltype5
pbmc1k1,CGATCGGCAGCGTGAA-1,celltype2
pbmc1k1,CGATGCGAGCAGAAAG-1,celltype2
pbmc1k1,CGATGCGTCGAACCAT-1,celltype4
pbmc1k1,CGATGGCCACTCGATA-1,celltype6
pbmc1k1,CGATGGCGTAGCGTCC-1,celltype6
pbmc1k1,CGCAGGTGTGCTTCAA-1,celltype4
pbmc1k1,CGCATAAAGTGATGGC-1,celltype1
pbmc1k1,CGCATGGAGGCCACTC-1,celltype7
pbmc1k1,CGCGTGAGTACAATAG-1,celltype4
pbmc1k1,CGGAACCGTATCACGT-1,celltype5
pbmc1k1,CGGAACCGTTTGCAGT-1,celltype4
pbmc1k1,CGGACACAGGACAGCT-1,celltype5
pbmc1k1,CGGGACTGTTTCACTT-1,celltype3
pbmc1k1,CGGGTGTTCCGTGACG-1,celltype5
pbmc1k1,CGTAAGTGTGATAGTA-1,celltype6
pbmc1k1,CGTAGTATCAGCCCAG-1,celltype3
pbmc1k1,CGTCAAACAGAATGTA-1,celltype3
pbmc1k1,CGTCCATGTTTGGAAA-1,celltype2
pbmc1k1,CGTGAATAGTCGGCCT-1,celltype6
pbmc1k1,CGTGATATCTGGTGGC-1,celltype7
pbmc1k1,CGTGCTTAGCTTTGTG-1,celltype5
pbmc1k1,CGTGCTTCAAGCGCTC-1,celltype1
pbmc1k1,CGTGCTTGTTTAGACC-1,celltype6
pbmc1k1,CGTGTCTCACAGTACT-1,celltype6
pbmc1k1,CGTGTCTCATGGGTTT-1,celltype2
pbmc1k1,CGTGTCTGTCAGTTTG-1,celltype1
pbmc1k1,CGTTAGATCAGCCTCT-1,celltype1
pbmc1k1,CGTTAGATCATTATCC-1,celltype1
pbmc1k1,CGTTAGATCCAAGAGG-1,celltype5
pbmc1k1,CGTTCTGTCAGCGCAC-1,celltype2
pbmc1k1,CGTTCTGTCCCGAACG-1,celltype3
pbmc1k1,CTAACCCAGCCGCTTG-1,celltype2
pbmc1k1,CTAACCCCACTTCAAG-1,celltype6
pbmc1k1,CTAACTTAGCCTCACG-1,celltype7
pbmc1k1,CTAAGTGCACAATGCT-1,celltype4
pbmc1k1,CTAAGTGGTCCACTCT-1,celltype3
pbmc1k1,CTACAGACAACAAAGT-1,celltype7
pbmc1k1,CTACAGACAGGAATAT-1,celltype7
pbmc1k1,CTACAGATCAGGAGAC-1,celltype7
pbmc1k1,CTACCTGCAACGGGTA-1,celltype7
pbmc1k1,CTACCTGTCTCGAACA-1,celltype5
pbmc1k1,CTACGGGTCACCATAG-1,celltype7
pbmc1k1,CTACGGGTCGTTCAGA-1,celltype3
pbmc1k1,CTAGACAGTCGTGGTC-1,celltype1
pbmc1k1,CTAGACAGTCTAACTG-1,celltype1
pbmc1k1,CTAGGTATCTAACGCA-1,celltype4
pbmc1k1,CTATCCGAGCTGTTAC-1,celltype2
pbmc1k1,CTCAACCGTGGATGAC-1,celltype4
pbmc1k1,CTCAACCGTGTGTCGC-1,celltype4
pbmc1k1,CTCAAGAAGATTACCC-1,celltype6
pbmc1k1,CTCAAGACATCCTGTC-1,celltype7
pbmc1k1,CTCAAGAGTCAAAGAT-1,celltype3
pbmc1k1,CTCAATTTCGGAAGGT-1,celltype5
pbmc1k1,CTCACTGCACCTTCCA-1,celltype2
pbmc1k1,CTCAGAACAATTGTGC-1,celltype4
pbmc1k1,CTCAGGGGTCATCGCG-1,celltype5
pbmc1k1,CTCAGGGTCTCACCCA-1,celltype1
pbmc1k1,CTCAGTCAGGGACAGG-1,celltype3
pbmc1k1,CTCATCGAGAGGCGTT-1,celltype2
pbmc1k1,CTCATCGTCGTACCTC-1,celltype4
pbmc1k1,CTCATTAAGGAAGTGA-1,celltype5
pbmc1k1,CTCATTATCGTACACA-1,celltype1
pbmc1k1,CTCCAACCAATCTCTT-1,celltype3
pbmc1k1,CTCCAACGTAGTGTGG-1,celltype6
pbmc1k1,CTCCATGAGACAGCTG-1,celltype4
pbmc1k1,CTCCATGGTGTTGACT-1,celltype5
pbmc1k1,CTCCATGTCATCGTAG-1,celltype2
pbmc1k1,CTCCATGTCGTCGATA-1,celltype1
pbmc1k1,CTCCCAATCAATCAGC-1,celltype3
pbmc1k1,CTCCCTCAGCGCGTTC-1,celltype1
pbmc1k1,CTCCCTCCACCGGAAA-1,celltype1
pbmc1k1,CTCCCTCGTTTACGAC-1,celltype3
pbmc1k1,CTCCCTCTCATCGCTC-1,celltype3
pbmc1k1,CTCCGATTCCTTTAGT-1,celltype3
pbmc1k1,CTCCGATTCTTTCTAG-1,celltype2
pbmc1k1,CTCCTCCTCACCTCTG-1,celltype2
pbmc1k1,CTCCTTTAGATGCTGG-1,celltype1
pbmc1k1,CTCCTTTTCTACACTT-1,celltype2
pbmc1k1,CTCGAGGAGCCTATTG-1,celltype4
pbmc1k1,CTCGAGGAGGAAAGGT-1,celltype3
pbmc1k1,CTCTCAGGTTAAGCAA-1,celltype2
pbmc1k1,CTCTCGATCCATAGGT-1,celltype4
pbmc1k1,CTCTGGTAGTAGGATT-1,celltype5
pbmc1k1,CTGAATGAGCTCTATG-1,celltype5
pbmc1k1,CTGAATGAGGCGAACT-1,celltype2
pbmc1k1,CTGAGGCGTTCAGCGC-1,celltype4
pbmc1k1,CTGATCCGTCGCGTCA-1,celltype6
pbmc1k1,CTGATCCTCCCTCTAG-1,celltype3
pbmc1k1,CTGATCCTCTCTCCGA-1,celltype7
pbmc1k1,CTGCAGGAGCCATTGT-1,celltype2
pbmc1k1,CTGCATCAGCGTCAAG-1,celltype5
pbmc1k1,CTGCATCGTAAGCTCT-1,celltype2
pbmc1k1,CTGCCATTCAGTGTTG-1,celltype6
pbmc1k1,CTGCCATTCGGAACTT-1,celltype1
pbmc1k1,CTGCCTACAAGACTGG-1,celltype5
pbmc1k1,CTGCCTATCTTGATTC-1,celltype4
pbmc1k1,CTGCGAGAGATTAGAC-1,celltype5
pbmc1k1,CTGCGAGAGTGCACTT-1,celltype1
pbmc1k1,CTGCGAGCAGATTCGT-1,celltype4
pbmc1k1,CTGCGAGGTAGGTTTC-1,celltype5
pbmc1k1,CTGCTCACAGCGTTTA-1,celltype1
pbmc1k1,CTGGACGCAACGATTC-1,celltype6
pbmc1k1,CTGGACGCACACGGTC-1,celltype5
pbmc1k1,CTGGACGGTTCCCAAA-1,celltype3
pbmc1k1,CTGGACGTCTCATTTG-1,celltype1
pbmc1k1,CTGGCAGGTTGCAAGG-1,celltype5
pbmc1k1,CTGGCAGTCGTCTCAC-1,celltype6
pbmc1k1,CTGTCGTAGCTGGCCT-1,celltype2
pbmc1k1,CTGTGAAAGGAACGCT-1,celltype5
pbmc1k1,CTGTGAATCATCGCTC-1,celltype5
pbmc1k1,CTGTGGGGTCGTGATT-1,celltype7
pbmc1k1,CTTACCGCATGTGGTT-1,celltype7
pbmc1k1,CTTAGGAGTCTGTGGC-1,celltype4
pbmc1k1,CTTCAATGTTGGACTT-1,celltype2
pbmc1k1,CTTCAATTCGAGAGCA-1,celltype7
pbmc1k1,CTTCGGTCACGTTCGG-1,celltype4
pbmc1k1,CTTCGGTTCCAAGAGG-1,celltype4
pbmc1k1,CTTCTCTTCCTACAAG-1,celltype6
pbmc1k1,CTTGAGAAGAATTGCA-1,celltype2
pbmc1k1,CTTGAGATCCCGAGGT-1,celltype7
pbmc1k1,CTTGATTAGGTAGGCT-1,celltype2
pbmc1k1,GAAACCTAGGAGGTTC-1,celltype7
pbmc1k1,GAACACTGTTGGACTT-1,celltype4
pbmc1k1,GAACGTTGTCAGGAGT-1,celltype5
pbmc1k1,GAACTGTCATCGAACT-1,celltype2
pbmc1k1,GAACTGTTCTCAAAGC-1,celltype6
pbmc1k1,GAAGAATAGGTACAAT-1,celltype1
pbmc1k1,GAAGCCCCAGGAACCA-1,celltype1
pbmc1k1,GAAGCGATCAGTAGGG-1,celltype3
pbmc1k1,GAAGGACGTCTGCCTT-1,celltype5
pbmc1k1,GAAGGGTTCGCAGATT-1,celltype2
pbmc1k1,GAAGTAAGTCTAGATC-1,celltype6
pbmc1k1,GAATCACCAGTGGTGA-1,celltype6
pbmc1k1,GACACGCCAGTCCGTG-1,celltype4
pbmc1k1,GACACGCGTTCCAAAC-1,celltype4
pbmc1k1,GACAGCCGTATCGTGT-1,celltype3
pbmc1k1,GACATCAGTAACGATA-1,celltype7
pbmc1k1,GACCCTTCAGCGTATT-1,celltype1
pbmc1k1,GACCCTTCATCATCTT-1,celltype2
pbmc1k1,GACCTTCCACCTGCGA-1,celltype1
pbmc1k1,GACCTTCGTCGAGCTC-1,celltype2
pbmc1k1,GACTATGCAGTCCCGA-1,celltype7
pbmc1k1,GACTATGCATCATTGG-1,celltype5
pbmc1k1,GACTATGTCCAAGGGA-1,celltype6
pbmc1k1,GACTCAATCTAGTGAC-1,celltype7
pbmc1k1,GACTCAATCTCCCAAC-1,celltype5
pbmc1k1,GACTGATTCATCCTAT-1,celltype2
pbmc1k1,GACTTCCTCCTCTAGC-1,celltype2
pbmc1k1,GAGAAATCATTGGATC-1,celltype2
pbmc1k1,GAGACCCAGTAGGATT-1,celltype1
pbmc1k1,GAGACTTAGTCACTCA-1,celltype3
pbmc1k1,GAGACTTCAGGCTATT-1,celltype1
pbmc1k1,GAGAGGTTCATAGACC-1,celltype2
pbmc1k1,GAGATGGCATGTAACC-1,celltype2
pbmc1k1,GAGCCTGAGCGCACAA-1,celltype7
pbmc1k1,GAGCCTGAGGCAGCTA-1,celltype4
pbmc1k1,GAGCCTGCAGTCTCTC-1,celltype3
pbmc1k1,GAGCCTGGTCCACGCA-1,celltype6
pbmc1k1,GAGCTGCGTCGGATTT-1,celltype1
pbmc1k1,GAGGCAAAGTCACGAG-1,celltype6
pbmc1k1,GAGGGATCACTTGGCG-1,celltype2
pbmc1k1,GAGGGTACAGTTTCAG-1,celltype6
pbmc1k1,GAGGGTAGTCAACACT-1,celltype2
pbmc1k1,GAGGGTATCTGTCCCA-1,celltype6
pbmc1k1,GAGTCATAGGGTTGCA-1,celltype4
pbmc1k1,GAGTGAGGTCGGCTAC-1,celltype4
pbmc1k1,GAGTGTTCACAAGCTT-1,celltype4
pbmc1k1,GAGTGTTGTACGTAGG-1,celltype3
pbmc1k1,GAGTTACAGACGACGT-1,celltype6
pbmc1k1,GAGTTGTAGCGTTACT-1,celltype1
pbmc1k1,GAGTTGTAGTGCGTCC-1,celltype5
pbmc1k1,GAGTTGTCACGGTGCT-1,celltype3
pbmc1k1,GATAGCTGTCGGAAAC-1,celltype1
pbmc1k1,GATAGCTGTCTGTTAG-1,celltype6
pbmc1k1,GATAGCTTCGTGCAGC-1,celltype4
pbmc1k1,GATCACACACCCTGTT-1,celltype6
pbmc1k1,GATCAGTAGGAACATT-1,celltype4
pbmc1k1,GATCAGTAGTGCGCTC-1,celltype2
pbmc1k1,GATCAGTGTTACAGCT-1,celltype7
pbmc1k1,GATCATGAGGCCTAAG-1,celltype6
pbmc1k1,GATCCCTAGAGGATGA-1,celltype2
pbmc1k1,GATCCCTGTAATTAGG-1,celltype2
pbmc1k1,GATCGTACAGCGCGTT-1,celltype6
pbmc1k1,GATCGTATCTCTGGTC-1,celltype3
pbmc1k1,GATGACTTCGTGGCGT-1,celltype2
pbmc1k1,GATGACTTCTCTAGGA-1,celltype4
pbmc1k1,GATGAGGCAAATGCGG-1,celltype2
pbmc1k1,GATGATCGTATGGAAT-1,celltype3
pbmc1k1,GATGATCGTGTAACGG-1,celltype4
pbmc1k1,GATGCTAGTACAGGTG-1,celltype2
pbmc1k1,GATGCTATCCTACGAA-1,celltype7
pbmc1k1,GATGGAGAGCCAGACA-1,celltype4
pbmc1k1,GATGGAGCACTTGAAC-1,celltype6
pbmc1k1,GATGGAGTCTGCGGCA-1,celltype2
pbmc1k1,GATGGAGTCTTCCAGC-1,celltype5
pbmc1k1,GATTCGAGTCGCACGT-1,celltype7
pbmc1k1,GATTCTTGTACAGTCT-1,celltype6
pbmc1k1,GATTGGTAGGCTGGAT-1,celltype7
pbmc1k1,GATTGGTGTTGAGAGC-1,celltype6
pbmc1k1,GATTTCTCAAGTGGGT-1,celltype3
pbmc1k1,GATTTCTGTCGTCGGT-1,celltype7
pbmc1k1,GATTTCTTCCTTCAGC-1,celltype4
pbmc1k1,GCAACCGTCATTTCCA-1,celltype3
pbmc1k1,GCAACCGTCGAACGGA-1,celltype4
pbmc1k1,GCACGGTAGTAGTCTC-1,celltype6
pbmc1k1,GCACGGTCACCCAACG-1,celltype4
pbmc1k1,GCACGTGTCAGACATC-1,celltype3
pbmc1k1,GCAGCCAAGAGGTCAC-1,celltype4
pbmc1k1,GCAGCCACATACATCG-1,celltype4
pbmc1k1,GCAGCCAGTTGCGTAT-1,celltype4
pbmc1k1,GCAGCCATCACCGGGT-1,celltype3
pbmc1k1,GCAGCTGGTAAGTTAG-1,celltype1
pbmc1k1,GCAGCTGGTGGGTCAA-1,celltype4
pbmc1k1,GCAGCTGTCAAAGCCT-1,celltype4
pbmc1k1,GCAGCTGTCCTTCTGG-1,celltype3
pbmc1k1,GCAGTTACACATTCTT-1,celltype5
pbmc1k1,GCAGTTATCTCTCTTC-1,celltype1
pbmc1k1,GCATCGGGTAACGATA-1,celltype5
pbmc1k1,GCCAACGTCTAACGCA-1,celltype3
pbmc1k1,GCCAACGTCTGCATAG-1,celltype1
pbmc1k1,GCCAGGTGTTAGAAAC-1,celltype2
pbmc1k1,GCCAGTGAGTCCTACA-1,celltype4
pbmc1k1,GCCGATGAGGCGAAGG-1,celltype7
pbmc1k1,GCCGATGAGTAACCTC-1,celltype2
pbmc1k1,GCCGATGCATCTTTCA-1,celltype4
pbmc1k1,GCCGTGACAACGACTT-1,celltype5
pbmc1k1,GCCGTGACATGCCGGT-1,celltype3
pbmc1k1,GCCGTGAGTCAGTCCG-1,celltype7
pbmc1k1,GCCTGTTCACAGTCAT-1,celltype1
pbmc1k1,GCGAGAAAGTTGTAGA-1,celltype1
pbmc1k1,GCGAGAATCCTCAGAA-1,celltype2
pbmc1k1,GCGGAAAGTGTGTCCG-1,celltype3
pbmc1k1,GCGGATCAGCAACTTC-1,celltype5
pbmc1k1,GCTACAAGTCAGCTTA-1,celltype7
pbmc1k1,GCTACCTCACGCACCA-1,celltype1
pbmc1k1,GCTACCTGTCCTACAA-1,celltype1
pbmc1k1,GCTGAATAGCACTCTA-1,celltype4
pbmc1k1,GCTGAATCACACGGAA-1,celltype4
pbmc1k1,GCTGAATTCGTTAGTG-1,celltype1
pbmc1k1,GCTGCAGAGGGCAGAG-1,celltype4
pbmc1k1,GCTGCAGGTGCTGATT-1,celltype6
pbmc1k1,GCTGCAGGTTGACGGA-1,celltype5
pbmc1k1,GCTGGGTAGTACAACA-1,celltype3
pbmc1k1,GCTTCACCAACACGAG-1,celltype1
pbmc1k1,GCTTGGGAGAAGGTAG-1,celltype1
pbmc1k1,GCTTTCGAGTGCAAAT-1,celltype5
pbmc1k1,GCTTTCGGTTCGGGTC-1,celltype6
pbmc1k1,GCTTTCGTCCGGTAGC-1,celltype6
pbmc1k1,GCTTTCGTCTGGGTCG-1,celltype1
pbmc1k1,GGAACCCAGCCATTTG-1,celltype5
pbmc1k1,GGAACCCTCTAATTCC-1,celltype4
pbmc1k1,GGAAGTGCAACCCTCT-1,celltype5
pbmc1k1,GGAATCTCAAACTGCT-1,celltype2
pbmc1k1,GGAATCTTCAATCTCT-1,celltype6
pbmc1k1,GGAATGGAGGACTAAT-1,celltype1
pbmc1k1,GGAATGGCACGACGCT-1,celltype2
pbmc1k1,GGACGTCGTTCAACGT-1,celltype1
pbmc1k1,GGAGAACGTGCCCACA-1,celltype5
pbmc1k1,GGAGGATGTATGAAAC-1,celltype1
pbmc1k1,GGAGGTAAGGCGTTGA-1,celltype5
pbmc1k1,GGAGGTATCTGGTGCG-1,celltype5
pbmc1k1,GGATCTAAGCAATTCC-1,celltype7
pbmc1k1,GGATCTAGTGCCTGCA-1,celltype7
pbmc1k1,GGATCTATCACCTACC-1,celltype6
pbmc1k1,GGATCTATCATAAGGA-1,celltype3
pbmc1k1,GGATGTTAGCCGGATA-1,celltype6
pbmc1k1,GGCACGTAGGCCCGTT-1,celltype7
pbmc1k1,GGCGTCACATTGTGCA-1,celltype3
pbmc1k1,GGCTGTGCAAAGCTAA-1,celltype3
pbmc1k1,GGCTGTGCACGGTGAA-1,celltype4
pbmc1k1,GGCTGTGGTCCACATA-1,celltype5
pbmc1k1,GGCTTGGCACCGAATT-1,celltype4
pbmc1k1,GGCTTGGGTAGATCGG-1,celltype4
pbmc1k1,GGCTTGGTCTTCTTCC-1,celltype5
pbmc1k1,GGGACAATCCGATCTC-1,celltype1
pbmc1k1,GGGACCTGTTAGGGAC-1,celltype7
pbmc1k1,GGGACCTGTTCTTGTT-1,celltype2
pbmc1k1,GGGACTCCACATATCG-1,celltype2
pbmc1k1,GGGACTCCACGGGCTT-1,celltype1
pbmc1k1,GGGAGATCACGGGTAA-1,celltype2
pbmc1k1,GGGAGATCATGCAGGA-1,celltype7
pbmc1k1,GGGAGATTCACGGACC-1,celltype4
pbmc1k1,GGGAGTAAGCAGGCAT-1,celltype1
pbmc1k1,GGGAGTATCACCTCGT-1,celltype5
pbmc1k1,GGGAGTATCTTAGCCC-1,celltype5
pbmc1k1,GGGATCCAGGGCAATC-1,celltype3
pbmc1k1,GGGATGAAGGGAGGGT-1,celltype2
pbmc1k1,GGGATGAAGTCCCGAC-1,celltype6
pbmc1k1,GGGCCATTCAGACCGC-1,celltype5
pbmc1k1,GGGCTACAGACCAAAT-1,celltype2
pbmc1k1,GGGCTACAGGCAGTCA-1,celltype2
pbmc1k1,GGGCTCATCGCAATTG-1,celltype6
pbmc1k1,GGGTAGAAGTAGGGTC-1,celltype2
pbmc1k1,GGGTCACCAGGAGGTT-1,celltype6
pbmc1k1,GGGTCACGTCCTTAAG-1,celltype1
pbmc1k1,GGGTCACTCACAAGGG-1,celltype5
pbmc1k1,GGGTCTGAGTCAACAA-1,celltype5
pbmc1k1,GGGTCTGGTTTGAAAG-1,celltype6
pbmc1k1,GGGTCTGTCCCGTTCA-1,celltype5
pbmc1k1,GGGTGAACATAAGCAA-1,celltype6
pbmc1k1,GGGTTATCAGCCATTA-1,celltype3
pbmc1k1,GGGTTTACACAGAGCA-1,celltype5
pbmc1k1,GGGTTTACACTAAACC-1,celltype4
pbmc1k1,GGTAATCCAAAGGAGA-1,celltype3
pbmc1k1,GGTAATCCACAGCATT-1,celltype1
pbmc1k1,GGTAATCCATACCACA-1,celltype5
pbmc1k1,GGTAATCTCAAGTTGC-1,celltype1
pbmc1k1,GGTAGAGAGACCAGCA-1,celltype5
pbmc1k1,GGTCACGCAATGGCCC-1,celltype6
pbmc1k1,GGTCACGGTCGTGATT-1,celltype2
pbmc1k1,GGTCTGGTCAGACATC-1,celltype4
pbmc1k1,GGTCTGGTCTCCCAAC-1,celltype3
pbmc1k1,GGTGATTAGCTGTACT-1,celltype4
pbmc1k1,GGTGATTCAGCTCGGT-1,celltype1
pbmc1k1,GGTGGCTGTGCGCTCA-1,celltype3
pbmc1k1,GGTGTCGCAACGATCT-1,celltype5
pbmc1k1,GGTGTCGGTGTTATCG-1,celltype4
pbmc1k1,GGTGTTAGTGGATTTC-1,celltype4
pbmc1k1,GGTTAACTCACTCACC-1,celltype7
pbmc1k1,GGTTCTCCAGGTTCCG-1,celltype5
pbmc1k1,GGTTGTATCGAAGGAC-1,celltype3
pbmc1k1,GTAACACAGAAAGCGA-1,celltype3
pbmc1k1,GTAACACAGCTCCGAC-1,celltype1
pbmc1k1,GTAACACGTAGATGTA-1,celltype3
pbmc1k1,GTAACACGTGGCGTAA-1,celltype5
pbmc1k1,GTAAGTCTCGATTGGT-1,celltype2
pbmc1k1,GTAATCGCAGTTTCGA-1,celltype3
pbmc1k1,GTAATCGGTTGCGAAG-1,celltype3
pbmc1k1,GTAATGCCACCAGTAT-1,celltype1
pbmc1k1,GTACAACAGATAGCTA-1,celltype3
pbmc1k1,GTAGAAACATGGACAG-1,celltype5
pbmc1k1,GTAGAAATCTGAGATC-1,celltype1
pbmc1k1,GTAGAGGCAACTTCTT-1,celltype2
pbmc1k1,GTAGATCCATCCCGTT-1,celltype6
pbmc1k1,GTAGCTATCTCATGGA-1,celltype1
pbmc1k1,GTAGGAGTCCGTCACT-1,celltype3
pbmc1k1,GTAGGTTCAGAAGCGT-1,celltype2
pbmc1k1,GTAGGTTGTGTTCGTA-1,celltype3
pbmc1k1,GTAGTACCACCCTATC-1,celltype1
pbmc1k1,GTAGTACTCTGTGTGA-1,celltype1
pbmc1k1,GTATTTCAGAAGAGCA-1,celltype2
pbmc1k1,GTCAAACCAAGCACCC-1,celltype2
pbmc1k1,GTCAAACTCAATGCAC-1,celltype7
pbmc1k1,GTCAAGTCAATACCTG-1,celltype7
pbmc1k1,GTCACGGAGCGGGTTA-1,celltype2
pbmc1k1,GTCACGGCACCGTACG-1,celltype6
pbmc1k1,GTCACTCTCTTGAACG-1,celltype2
pbmc1k1,GTCATGAAGACTCATC-1,celltype7
pbmc1k1,GTCATGAAGTTTGGCT-1,celltype5
pbmc1k1,GTCATGACATTGGATC-1,celltype4
pbmc1k1,GTCATTTCAAGAGAGA-1,celltype2
pbmc1k1,GTCATTTGTACGACTT-1,celltype7
pbmc1k1,GTCATTTTCCTAGAGT-1,celltype3
pbmc1k1,GTCCCATCATGCCGAC-1,celltype2
pbmc1k1,GTCCTCAAGTCACGAG-1,celltype4
pbmc1k1,GTCGAATAGGAGTATT-1,celltype4
pbmc1k1,GTCGAATCAGAACCGA-1,celltype5
pbmc1k1,GTCGAATGTCAAGCGA-1,celltype5
pbmc1k1,GTCGCGAAGCAGCGAT-1,celltype3
pbmc1k1,GTCGCGAGTTTACCTT-1,celltype3
pbmc1k1,GTCTACCCAGGAAGTC-1,celltype2
pbmc1k1,GTCTAGACAATGCAGG-1,celltype7
pbmc1k1,GTCTAGAGTATGTCAC-1,celltype1
pbmc1k1,GTCTAGATCGAGAGAC-1,celltype4
pbmc1k1,GTCTGTCAGATACGAT-1,celltype6
pbmc1k1,GTCTGTCTCGAGCCTG-1,celltype3
pbmc1k1,GTGAGCCCATCTTCGC-1,celltype3
pbmc1k1,GTGAGCCGTGATCGTT-1,celltype3
pbmc1k1,GTGAGCCTCTGGAAGG-1,celltype5
pbmc1k1,GTGAGGAAGCATTGAA-1,celltype3
pbmc1k1,GTGAGGACACAACATC-1,celltype3
pbmc1k1,GTGAGGACACTTTAGG-1,celltype2
pbmc1k1,GTGAGTTTCCAATGCA-1,celltype6
pbmc1k1,GTGATGTAGACATCAA-1,celltype6
pbmc1k1,GTGCGTGAGCTTCTAG-1,celltype1
pbmc1k1,GTGCTGGCAGGCTACC-1,celltype3
pbmc1k1,GTGCTGGTCAAACCTG-1,celltype2
pbmc1k1,GTGCTTCAGACCATAA-1,celltype5
pbmc1k1,GTGCTTCCACTCATAG-1,celltype3
pbmc1k1,GTGCTTCGTCGCTTGG-1,celltype5
pbmc1k1,GTGGAAGAGCCAAGTG-1,celltype3
pbmc1k1,GTGGAGAAGATCCGAG-1,celltype7
pbmc1k1,GTGGCGTAGAATAACC-1,celltype3
pbmc1k1,GTGGCGTCAATCGAAA-1,celltype3
pbmc1k1,GTGGGAAAGGTCGTAG-1,celltype4
pbmc1k1,GTGGGAACATGAGTAA-1,celltype6
pbmc1k1,GTGGTTAAGTAACCGG-1,celltype7
pbmc1k1,GTGTAACTCTTGGTGA-1,celltype7
pbmc1k1,GTGTCCTAGTCGGCCT-1,celltype3
pbmc1k1,GTGTCCTCAGTTGTTG-1,celltype4
pbmc1k1,GTGTCCTGTGGCCTCA-1,celltype2
pbmc1k1,GTGTGATCACTACGGC-1,celltype6
pbmc1k1,GTGTGATTCTTACGTT-1,celltype3
pbmc1k1,GTGTGGCAGGTACTGG-1,celltype1
pbmc1k1,GTGTGGCAGGTAGTCG-1,celltype3
pbmc1k1,GTGTGGCGTAAGTTGA-1,celltype7
pbmc1k1,GTGTGGCTCACCACAA-1,celltype2
pbmc1k1,GTGTTAGAGACGGTCA-1,celltype7
pbmc1k1,GTGTTCCAGGTGCCTC-1,celltype4
pbmc1k1,GTGTTCCGTAGTTCCA-1,celltype7
pbmc1k1,GTTACAGAGGGCTAAC-1,celltype7
pbmc1k1,GTTACAGAGTGTAGTA-1,celltype2
pbmc1k1,GTTACAGCAAATCAGA-1,celltype2
pbmc1k1,GTTACGAGTATGAGAT-1,celltype5
pbmc1k1,GTTAGTGAGAACGTGC-1,celltype6
pbmc1k1,GTTAGTGCACCTCTAC-1,celltype1
pbmc1k1,GTTCATTTCCGATGCG-1,celltype7
pbmc1k1,GTTCCGTAGTTGCCCG-1,celltype5
pbmc1k1,GTTCCGTCACCCGTAG-1,celltype3
pbmc1k1,GTTCTATCAAATGAGT-1,celltype4
pbmc1k1,GTTCTATCACGTGTGC-1,celltype1
pbmc1k1,GTTCTATTCTACACTT-1,celltype3
pbmc1k1,GTTGAACAGGAACATT-1,celltype3
pbmc1k1,GTTGAACGTACCCGCA-1,celltype1
pbmc1k1,GTTGCGGAGCTGCCTG-1,celltype2
pbmc1k1,GTTGCTCAGTTTCGAC-1,celltype3
pbmc1k1,GTTGCTCTCATTTCCA-1,celltype6
pbmc1k1,GTTGTAGCAGTTCTAG-1,celltype3
pbmc1k1,GTTGTGAAGACCTTTG-1,celltype7
pbmc1k1,GTTGTGATCTCGGTCT-1,celltype2
pbmc1k1,GTTTGGAGTGTATACC-1,celltype6
pbmc1k1,TAACGACCACATATGC-1,celltype2
pbmc1k1,TAACGACGTGCCTACG-1,celltype7
pbmc1k1,TAACTTCGTTGTGGAG-1,celltype3
pbmc1k1,TAAGCACAGAAGCTGC-1,celltype6
pbmc1k1,TAAGCACTCACCATAG-1,celltype4
pbmc1k1,TAAGCCAGTCCAACGC-1,celltype7
pbmc1k1,TAAGCCATCTGGCCTT-1,celltype4
pbmc1k1,TAAGCGTTCGTTGCCT-1,celltype4
pbmc1k1,TAAGCGTTCTGTCGTC-1,celltype2
pbmc1k1,TAATTCCCACTCCGGA-1,celltype3
pbmc1k1,TAATTCCGTATTGACC-1,celltype1
pbmc1k1,TAATTCCGTCAGTCCG-1,celltype6
pbmc1k1,TACAACGCAAAGGTTA-1,celltype2
pbmc1k1,TACAACGCATAGATCC-1,celltype2
pbmc1k1,TACACCCTCGACTCCT-1,celltype2
pbmc1k1,TACAGGTTCCTTACCG-1,celltype6
pbmc1k1,TACATTCGTGGCTTAT-1,celltype6
pbmc1k1,TACCGGGTCCTCGATC-1,celltype7
pbmc1k1,TACCTCGCACCCAACG-1,celltype2
pbmc1k1,TACCTGCAGTCACGCC-1,celltype7
pbmc1k1,TACCTGCAGTCTGCAT-1,celltype6
pbmc1k1,TACCTGCTCCAAGCTA-1,celltype4
pbmc1k1,TACGCTCGTCAATCTG-1,celltype7
pbmc1k1,TACGCTCTCTCGGTCT-1,celltype1
pbmc1k1,TACGCTCTCTTAAGGC-1,celltype4
pbmc1k1,TACGGGCTCAACGAGG-1,celltype2
pbmc1k1,TACGGGCTCTACCACC-1,celltype2
pbmc1k1,TACGTCCCAAGTGATA-1,celltype1
pbmc1k1,TACGTCCCATGTGTCA-1,celltype3
pbmc1k1,TACTTACAGGCATCTT-1,celltype7
pbmc1k1,TACTTCATCATGCCGG-1,celltype3
pbmc1k1,TAGACCAGTCTCGGGT-1,celltype2
pbmc1k1,TAGACTGAGATTGTGA-1,celltype4
pbmc1k1,TAGACTGGTCTTGAAC-1,celltype5
pbmc1k1,TAGACTGTCGCCGAGT-1,celltype1
pbmc1k1,TAGAGTCGTTGTGTAC-1,celltype5
pbmc1k1,TAGATCGCAAATGGTA-1,celltype5
pbmc1k1,TAGATCGCACACGCCA-1,celltype2
pbmc1k1,TAGATCGTCACAACCA-1,celltype1
pbmc1k1,TAGCACAAGTACTCGT-1,celltype5
pbmc1k1,TAGGAGGCAAGACCTT-1,celltype4
pbmc1k1,TAGGAGGGTTCCAGGC-1,celltype4
pbmc1k1,TAGGGTTAGAGAGCGG-1,celltype6
pbmc1k1,TAGGGTTAGGAACATT-1,celltype4
pbmc1k1,TAGGTACGTGTCATCA-1,celltype1
pbmc1k1,TAGGTACTCGAAGCAG-1,celltype3
pbmc1k1,TAGTGCACACTCGATA-1,celltype1
pbmc1k1,TAGTGCACAGAGGAAA-1,celltype1
pbmc1k1,TATACCTGTTCTCGTC-1,celltype3
pbmc1k1,TATACCTTCTGTCCGT-1,celltype5
pbmc1k1,TATATCCCATGCGTGC-1,celltype4
pbmc1k1,TATCGCCTCTCCCAAC-1,celltype1
pbmc1k1,TATCTTGTCCATCTCG-1,celltype1
pbmc1k1,TATCTTGTCGGCTTGG-1,celltype5
pbmc1k1,TATGTTCAGTATGGAT-1,celltype3
pbmc1k1,TATTGCTTCTCGAACA-1,celltype3
pbmc1k1,TCAAGCATCCACTTTA-1,celltype6
pbmc1k1,TCAATCTAGAGGTTTA-1,celltype2
pbmc1k1,TCAATCTGTTTCCCAC-1,celltype4
pbmc1k1,TCACAAGGTAGTGGCA-1,celltype2
pbmc1k1,TCACAAGGTGGATACG-1,celltype1
pbmc1k1,TCACACCCACCAGCCA-1,celltype1
pbmc1k1,TCACACCGTCTCACGG-1,celltype3
pbmc1k1,TCACACCGTTAAACCC-1,celltype1
pbmc1k1,TCACACCTCTGGGAGA-1,celltype6
pbmc1k1,TCACACCTCTTACCAT-1,celltype3
pbmc1k1,TCACATTCAGAACTAA-1,celltype1
pbmc1k1,TCACATTCATGCCATA-1,celltype6
pbmc1k1,TCACGCTAGGACATCG-1,celltype3
pbmc1k1,TCACGCTGTCTGCCTT-1,celltype2
pbmc1k1,TCACGCTTCACTAGCA-1,celltype2
pbmc1k1,TCACGCTTCGCTGACG-1,celltype7
pbmc1k1,TCACGCTTCGGACTGC-1,celltype2
pbmc1k1,TCACGGGCAACCGACC-1,celltype5
pbmc1k1,TCACTATGTTTAGACC-1,celltype3
pbmc1k1,TCACTCGCAAAGCAAT-1,celltype1
pbmc1k1,TCACTCGGTCAACCAT-1,celltype2
pbmc1k1,TCACTCGTCGGTCATA-1,celltype1
pbmc1k1,TCAGCAACAAATCAAG-1,celltype1
pbmc1k1,TCAGCAAGTATGACAA-1,celltype1
pbmc1k1,TCAGGGCTCATGCGGC-1,celltype2
pbmc1k1,TCAGGTACAATCGCAT-1,celltype4
pbmc1k1,TCAGGTAGTATGGTAA-1,celltype6
pbmc1k1,TCAGTCCGTAAGATCA-1,celltype1
pbmc1k1,TCAGTCCGTCTCTCAC-1,celltype6
pbmc1k1,TCAGTTTAGGATATAC-1,celltype1
pbmc1k1,TCATACTCAGGTACGA-1,celltype3
pbmc1k1,TCATACTTCAGAGCAG-1,celltype6
pbmc1k1,TCATATCCATGCTGCG-1,celltype4
pbmc1k1,TCATCATAGCACACAG-1,celltype1
pbmc1k1,TCATCATGTTGCACGC-1,celltype5
pbmc1k1,TCATCCGTCCAACTGA-1,celltype4
pbmc1k1,TCATGAGCAAGGCAAC-1,celltype7
pbmc1k1,TCATGCCCAAAGCGTG-1,celltype3
pbmc1k1,TCATGCCGTGTCTTAG-1,celltype2
pbmc1k1,TCATGTTAGAGGCGGA-1,celltype4
pbmc1k1,TCATGTTGTGTGTGTT-1,celltype2
pbmc1k1,TCATTACGTGCATGAG-1,celltype3
pbmc1k1,TCATTGTGTGAGCAGT-1,celltype2
pbmc1k1,TCCATCGGTTTAGTCG-1,celltype4
pbmc1k1,TCCCACACACTAGAGG-1,celltype7
pbmc1k1,TCCCACACAGACCAAG-1,celltype5
pbmc1k1,TCCCAGTAGACCGTTT-1,celltype1
pbmc1k1,TCCCAGTTCGACATAC-1,celltype1
pbmc1k1,TCCCATGTCGGCCCAA-1,celltype2
pbmc1k1,TCCGATCTCAAACCTG-1,celltype6
pbmc1k1,TCCGGGACACGGGCTT-1,celltype7
pbmc1k1,TCCTCCCAGTCTAACC-1,celltype5
pbmc1k1,TCCTCGATCTCTCGAC-1,celltype6
pbmc1k1,TCCTCTTAGAGTGAAG-1,celltype1
pbmc1k1,TCCTCTTAGCCAAGGT-1,celltype1
pbmc1k1,TCCTTCTCAACTCGTA-1,celltype1
pbmc1k1,TCCTTTCTCGCTGTCT-1,celltype4
pbmc1k1,TCGAAGTGTATCAGGG-1,celltype3
pbmc1k1,TCGACCTCAAAGACTA-1,celltype2
pbmc1k1,TCGACCTCAAGTAGTA-1,celltype7
pbmc1k1,TCGACGGTCGAAGTGG-1,celltype6
pbmc1k1,TCGATTTGTACGCTTA-1,celltype6
pbmc1k1,TCGCAGGAGATTGACA-1,celltype6
pbmc1k1,TCGCAGGGTAGGCTCC-1,celltype2
pbmc1k1,TCGCAGGGTTCTAACG-1,celltype2
pbmc1k1,TCGCTCACAAGATTGA-1,celltype2
pbmc1k1,TCGCTTGAGAGACAAG-1,celltype3
pbmc1k1,TCGCTTGAGCATTTGC-1,celltype3
pbmc1k1,TCGGGACGTAACGGTG-1,celltype5
pbmc1k1,TCGGGACTCTAGATCG-1,celltype2
pbmc1k1,TCGGGCACAGTTACCA-1,celltype2
pbmc1k1,TCGGGCATCCGATTAG-1,celltype6
pbmc1k1,TCGGGCATCTGAACGT-1,celltype1
pbmc1k1,TCGGGTGCAGTCTGGC-1,celltype5
pbmc1k1,TCGGTCTTCATTGCTT-1,celltype6
pbmc1k1,TCGGTCTTCGACATAC-1,celltype6
pbmc1k1,TCGTAGACAATGAAAC-1,celltype5
pbmc1k1,TCGTGCTGTAAGGAGA-1,celltype2
pbmc1k1,TCGTGCTGTGATCATC-1,celltype4
pbmc1k1,TCGTGGGCAGAAGTGC-1,celltype7
pbmc1k1,TCTAACTAGGTCCAGA-1,celltype6
pbmc1k1,TCTACCGCAGTCGTTA-1,celltype6
pbmc1k1,TCTACCGTCCACGGAC-1,celltype2
pbmc1k1,TCTATACGTTATCCAG-1,celltype5
pbmc1k1,TCTATCAGTATGCTAC-1,celltype5
pbmc1k1,TCTATCAGTTGCCGAC-1,celltype7
pbmc1k1,TCTCACGAGGCTCCCA-1,celltype3
pbmc1k1,TCTCCGAAGTCAATCC-1,celltype1
pbmc1k1,TCTCCGATCTCTCTTC-1,celltype4
pbmc1k1,TCTCTGGCAAAGCAAT-1,celltype1
pbmc1k1,TCTGCCAAGTTACGGG-1,celltype7
pbmc1k1,TCTGCCAGTAACGCGA-1,celltype2
pbmc1k1,TCTGCCAGTAGATGTA-1,celltype1
pbmc1k1,TCTGGCTCATCCTGTC-1,celltype6
pbmc1k1,TCTGTCGAGACTAGAT-1,celltype5
pbmc1k1,TCTGTCGCACCAGCGT-1,celltype3
pbmc1k1,TCTTAGTAGGCCTGCT-1,celltype2
pbmc1k1,TCTTAGTCAACACGAG-1,celltype1
pbmc1k1,TCTTAGTGTTGCCAAT-1,celltype1
pbmc1k1,TCTTAGTTCAGAATAG-1,celltype3
pbmc1k1,TCTTCCTCACCAAAGG-1,celltype7
pbmc1k1,TCTTGCGAGATGAAGG-1,celltype6
pbmc1k1,TCTTGCGCACTACTTT-1,celltype4
pbmc1k1,TCTTGCGCAGAGGAAA-1,celltype6
pbmc1k1,TCTTGCGGTCCAGCCA-1,celltype6
pbmc1k1,TCTTTGAGTGGAGAAA-1,celltype4
pbmc1k1,TGAACGTCAAATGAAC-1,celltype3
pbmc1k1,TGAACGTGTAACTAAG-1,celltype6
pbmc1k1,TGAACGTGTCCATAGT-1,celltype5
pbmc1k1,TGAATGCGTGGACTAG-1,celltype4
pbmc1k1,TGAATGCTCGACGAGA-1,celltype5
pbmc1k1,TGAATGCTCGCCGTGA-1,celltype1
pbmc1k1,TGACAGTTCGAGATGG-1,celltype4
pbmc1k1,TGACCCTTCTCATTGT-1,celltype1
pbmc1k1,TGACGCGGTGGCTTAT-1,celltype5
pbmc1k1,TGACTCCAGTCTCCTC-1,celltype2
pbmc1k1,TGACTCCCACCATAAC-1,celltype5
pbmc1k1,TGAGACTAGGCTGAAC-1,celltype2
pbmc1k1,TGAGCATTCCATTGCC-1,celltype3
pbmc1k1,TGAGCATTCCTTCACG-1,celltype2
pbmc1k1,TGAGCATTCGATACTG-1,celltype6
pbmc1k1,TGAGCATTCTGTCTCG-1,celltype1
pbmc1k1,TGAGCGCCACTATGTG-1,celltype1
pbmc1k1,TGAGCGCCAGCATACT-1,celltype1
pbmc1k1,TGAGCGCTCGTCTAAG-1,celltype3
pbmc1k1,TGAGGAGTCCATCGTC-1,celltype4
pbmc1k1,TGAGGGATCAAACGTC-1,celltype4
pbmc1k1,TGAGGGATCATAAGGA-1,celltype7
pbmc1k1,TGAGGTTCAAACTAGA-1,celltype5
pbmc1k1,TGAGGTTCAGGACATG-1,celltype1
pbmc1k1,TGAGGTTGTAGCTTTG-1,celltype1
pbmc1k1,TGAGTCACAGAACGCA-1,celltype1
pbmc1k1,TGAGTCAGTAACCCTA-1,celltype3
pbmc1k1,TGAGTCAGTCACTCTC-1,celltype5
pbmc1k1,TGATCAGAGGATTCAA-1,celltype1
pbmc1k1,TGATGCACAGGGCTTC-1,celltype3
pbmc1k1,TGATGGTAGACCCGCT-1,celltype3
pbmc1k1,TGATTCTGTAGGTACG-1,celltype7
pbmc1k1,TGCACGGTCGAGTACT-1,celltype4
pbmc1k1,TGCAGGCAGCGTTCAT-1,celltype2
pbmc1k1,TGCAGGCCAGGAATAT-1,celltype2
pbmc1k1,TGCAGTAAGTAGTCCT-1,celltype4
pbmc1k1,TGCAGTATCCACATAG-1,celltype1
pbmc1k1,TGCATCCCACCCAACG-1,celltype4
pbmc1k1,TGCATGAAGCACCCAC-1,celltype2
pbmc1k1,TGCGACGAGCGACAGT-1,celltype3
pbmc1k1,TGCGATAAGAATCGCG-1,celltype3
pbmc1k1,TGCGGCAAGTGGTGAC-1,celltype3
pbmc1k1,TGCGGCACAAAGACGC-1,celltype2
pbmc1k1,TGCTCCACAATCTAGC-1,celltype3
pbmc1k1,TGCTCGTAGACGAGCT-1,celltype2
pbmc1k1,TGCTCGTTCCCATTTA-1,celltype4
pbmc1k1,TGCTGAACAGCACAAG-1,celltype6
pbmc1k1,TGCTTCGCATAGCTGT-1,celltype5
pbmc1k1,TGCTTGCGTGAACTAA-1,celltype2
pbmc1k1,TGGAACTAGCGTCTCG-1,celltype5
pbmc1k1,TGGAGAGCAGTCAGTT-1,celltype5
pbmc1k1,TGGAGGAAGTAGGAAG-1,celltype5
pbmc1k1,TGGAGGAGTCTTTATC-1,celltype7
pbmc1k1,TGGAGGATCGACATTG-1,celltype7
pbmc1k1,TGGATCAGTTCTCCCA-1,celltype5
pbmc1k1,TGGATGTTCACGGGAA-1,celltype3
pbmc1k1,TGGATGTTCTATCCAT-1,celltype7
pbmc1k1,TGGCGTGGTGGATTTC-1,celltype3
pbmc1k1,TGGGAAGTCGATTGGT-1,celltype3
pbmc1k1,TGGGAGAAGCAAGTGC-1,celltype4
pbmc1k1,TGGGAGAAGTGGTGGT-1,celltype5
pbmc1k1,TGGGATTAGTCACGAG-1,celltype3
pbmc1k1,TGGGATTGTACGATGG-1,celltype1
pbmc1k1,TGGGCGTAGTGGAATT-1,celltype4
pbmc1k1,TGGGCGTCAAATTGCC-1,celltype7
pbmc1k1,TGGGCTGAGAGGGTCT-1,celltype2
pbmc1k1,TGGGCTGAGCGTTAGG-1,celltype1
pbmc1k1,TGGGCTGCATCCGATA-1,celltype3
pbmc1k1,TGGGCTGGTCGCGGTT-1,celltype3
pbmc1k1,TGGGTTAGTATTGAGA-1,celltype1
pbmc1k1,TGGGTTAGTGCACGCT-1,celltype4
pbmc1k1,TGGGTTATCAGTAGGG-1,celltype5
pbmc1k1,TGGTACACAAAGGGTC-1,celltype2
pbmc1k1,TGGTAGTCAGGCATGA-1,celltype2
pbmc1k1,TGGTAGTCATCACAGT-1,celltype2
pbmc1k1,TGGTAGTTCCCTCATG-1,celltype5
pbmc1k1,TGGTTAGTCAACCTTT-1,celltype7
pbmc1k1,TGTAACGGTTGCGTAT-1,celltype7
pbmc1k1,TGTACAGAGACTCGAG-1,celltype1
pbmc1k1,TGTACAGAGTGAGTTA-1,celltype5
pbmc1k1,TGTACAGGTGGATTTC-1,celltype2
pbmc1k1,TGTAGACTCCATTTAC-1,celltype5
pbmc1k1,TGTCAGACAACTTGGT-1,celltype6
pbmc1k1,TGTCAGACACTCACTC-1,celltype6
pbmc1k1,TGTCCACCAACTGGTT-1,celltype3
pbmc1k1,TGTCCACTCGCTTACC-1,celltype7
pbmc1k1,TGTCCCAAGCTCCATA-1,celltype6
pbmc1k1,TGTCCCAAGGTCATAA-1,celltype4
pbmc1k1,TGTCCCACATACTTTC-1,celltype2
pbmc1k1,TGTCCCAGTCAGGCAA-1,celltype5
pbmc1k1,TGTCCCAGTCGGTGTC-1,celltype5
pbmc1k1,TGTCCTGGTACTTGTG-1,celltype2
pbmc1k1,TGTCCTGGTTGGCTAT-1,celltype4
pbmc1k1,TGTCCTGTCGGCTATA-1,celltype7
pbmc1k1,TGTGATGAGCGACTGA-1,celltype4
pbmc1k1,TGTGATGCATTCTCTA-1,celltype6
pbmc1k1,TGTGCGGGTCGTCGGT-1,celltype3
pbmc1k1,TGTGCGGTCACATACG-1,celltype1
pbmc1k1,TGTGGCGTCGTACCTC-1,celltype5
pbmc1k1,TGTGTGATCTGACAGT-1,celltype2
pbmc1k1,TGTTCATAGCTGCCTG-1,celltype6
pbmc1k1,TGTTCATGTCCTGGGT-1,celltype3
pbmc1k1,TGTTCCGCAAGTATAG-1,celltype4
pbmc1k1,TGTTGAGCACAACGAG-1,celltype5
pbmc1k1,TGTTGAGTCTCGACCT-1,celltype4
pbmc1k1,TGTTTGTGTGGAAATT-1,celltype1
pbmc1k1,TTAATCCAGCTACTAC-1,celltype1
pbmc1k1,TTACAGGGTGATTCTG-1,celltype3
pbmc1k1,TTACCGCGTCCGAAAG-1,celltype1
pbmc1k1,TTACGCCCACGTCGTG-1,celltype5
pbmc1k1,TTACGCCTCAATGCAC-1,celltype2
pbmc1k1,TTACGTTGTTTACGAC-1,celltype3
pbmc1k1,TTACGTTTCTCGCTTG-1,celltype2
pbmc1k1,TTACTGTCATACATCG-1,celltype4
pbmc1k1,TTACTGTGTAAGAACT-1,celltype5
pbmc1k1,TTACTGTGTTAAGGGC-1,celltype4
pbmc1k1,TTAGGGTCAGGTCAGA-1,celltype7
pbmc1k1,TTAGGGTGTCACATTG-1,celltype3
pbmc1k1,TTAGTCTCACGTATAC-1,celltype2
pbmc1k1,TTATTGCCAAACGGCA-1,celltype4
pbmc1k1,TTATTGCGTACGTAGG-1,celltype1
pbmc1k1,TTATTGCGTCAACACT-1,celltype3
pbmc1k1,TTATTGCGTGTCTTCC-1,celltype5
pbmc1k1,TTCACCGCAGCCCAGT-1,celltype4
pbmc1k1,TTCACGCGTTAAGTCC-1,celltype6
pbmc1k1,TTCACGCTCTATCCAT-1,celltype6
pbmc1k1,TTCAGGAAGATTGGGC-1,celltype2
pbmc1k1,TTCAGGAGTCTACAAC-1,celltype4
pbmc1k1,TTCATGTAGGTCATAA-1,celltype2
pbmc1k1,TTCATTGGTACGAAAT-1,celltype7
pbmc1k1,TTCCACGAGGAAGTGA-1,celltype7
pbmc1k1,TTCCACGGTCAACACT-1,celltype4
pbmc1k1,TTCCGTGCACTCACTC-1,celltype2
pbmc1k1,TTCCGTGGTTCCAGGC-1,celltype4
pbmc1k1,TTCCTAAGTGACGTCC-1,celltype7
pbmc1k1,TTCCTCTGTACCTGTA-1,celltype1
pbmc1k1,TTCCTTCAGCCTCAAT-1,celltype7
pbmc1k1,TTCCTTCAGGTAGTCG-1,celltype5
pbmc1k1,TTCCTTCAGTAGTCAA-1,celltype6
pbmc1k1,TTCCTTCGTGACACGA-1,celltype5
pbmc1k1,TTCGATTTCTGACCCT-1,celltype7
pbmc1k1,TTCGCTGAGGGTTAGC-1,celltype3
pbmc1k1,TTCGCTGAGGTTCCGC-1,celltype7
pbmc1k1,TTCGCTGCACTAGTAC-1,celltype4
pbmc1k1,TTCGCTGTCGGACTGC-1,celltype2
pbmc1k1,TTCTCTCGTATCGTAC-1,celltype6
pbmc1k1,TTCTTGAGTCTTGCTC-1,celltype5
pbmc1k1,TTGACCCGTCTCGGGT-1,celltype3
pbmc1k1,TTGACCCTCGTAGTGT-1,celltype3
pbmc1k1,TTGATGGCATAAGATG-1,celltype4
pbmc1k1,TTGATGGTCGCTAAAC-1,celltype7
pbmc1k1,TTGCATTGTGCCTTCT-1,celltype4
pbmc1k1,TTGCCTGAGAGTGACC-1,celltype5
pbmc1k1,TTGCCTGAGTGGAAAG-1,celltype5
pbmc1k1,TTGCCTGGTAGCTGCC-1,celltype1
pbmc1k1,TTGCTGCCATTGCCGG-1,celltype1
pbmc1k1,TTGGGATCAACGGGTA-1,celltype3
pbmc1k1,TTGGGATTCAGGAAGC-1,celltype1
pbmc1k1,TTGGGATTCTCTCTAA-1,celltype5
pbmc1k1,TTGGGCGCACGGTGAA-1,celltype6
pbmc1k1,TTGGGCGGTCGGAAAC-1,celltype4
pbmc1k1,TTGGGTAGTGCTAGCC-1,celltype5
pbmc1k1,TTGGGTATCACCGACG-1,celltype5
pbmc1k1,TTGGTTTCACTGGATT-1,celltype3
pbmc1k1,TTGTGGATCTAAGAAG-1,celltype2
pbmc1k1,TTGTGTTGTGTGTCCG-1,celltype2
pbmc1k1,TTGTTCACACTTGTGA-1,celltype1
pbmc1k1,TTGTTCACAGTCGCTG-1,celltype1
pbmc1k1,TTGTTCATCTTTACAC-1,celltype5
pbmc1k1,TTGTTTGAGGTCGACA-1,celltype2
pbmc1k1,TTGTTTGTCCAACCGG-1,celltype5
pbmc1k1,TTTACTGTCACGGGAA-1,celltype4
pbmc1k1,TTTATGCCAGTGGCTC-1,celltype7
pbmc1k1,TTTATGCGTAACATAG-1,celltype6
pbmc1k1,TTTATGCGTTGATCGT-1,celltype4
pbmc1k1,TTTATGCTCACTCGAA-1,celltype7
pbmc1k1,TTTCACATCGACGCTG-1,celltype7
pbmc1k1,TTTCACATCTCAGGCG-1,celltype4
pbmc1k1,TTTCATGGTGCCTAAT-1,celltype4
pbmc1k1,TTTCATGTCACTCACC-1,celltype1
pbmc1k1,TTTCCTCCACAGAGCA-1,celltype4
pbmc1k1,TTTCCTCTCCTACACC-1,celltype6
pbmc1k1,TTTCCTCTCTCTTGCG-1,celltype1
pbmc1k1,TTTGATCTCTTTGGAG-1,celltype6
pbmc1k1,TTTGGTTAGTAACCTC-1,celltype2
pbmc1k1,TTTGGTTGTAGAATAC-1,celltype1
pbmc1k1,TTTGTTGCAATTAGGA-1,celltype4
pbmc1k2,AAACCCAAGGAGAGTA-1,celltype5
pbmc1k2,AAACGCTTCAGCCCAG-1,celltype4
pbmc1k2,AAAGAACAGACGACTG-1,celltype7
pbmc1k2,AAAGAACCAATGGCAG-1,celltype6
pbmc1k2,AAAGAACGTCTGCAAT-1,celltype2
pbmc1k2,AAAGGATAGTAGACAT-1,celltype4
pbmc1k2,AAAGGATCACCGGCTA-1,celltype4
pbmc1k2,AAAGGATTCAGCTTGA-1,celltype1
pbmc1k2,AAAGGATTCCGTTTCG-1,celltype1
pbmc1k2,AAAGGGCTCATGCCCT-1,celltype2
pbmc1k2,AAAGGGCTCCGTAGGC-1,celltype3
pbmc1k2,AAAGGTACAACTGCTA-1,celltype1
pbmc1k2,AAAGTCCAGCGGGTTA-1,celltype2
pbmc1k2,AAAGTCCAGTCAACAA-1,celltype7
pbmc1k2,AAAGTCCCACCAGCCA-1,celltype4
pbmc1k2,AAAGTGATCGTACACA-1,celltype3
pbmc1k2,AAATGGAAGCCGCTTG-1,celltype1
pbmc1k2,AAATGGACAATGCTCA-1,celltype1
pbmc1k2,AAATGGAGTACCGCGT-1,celltype6
pbmc1k2,AAATGGATCCTATTTG-1,celltype4
pbmc1k2,AACAAAGGTGATGAAT-1,celltype6
pbmc1k2,AACAACCAGTAGTCCT-1,celltype5
pbmc1k2,AACAACCCACGCTATA-1,celltype3
pbmc1k2,AACAAGAGTTATAGAG-1,celltype1
pbmc1k2,AACAGGGGTGGGAGAG-1,celltype3
pbmc1k2,AACCAACAGCTTGTTG-1,celltype7
pbmc1k2,AACCCAACAACTGATC-1,celltype3
pbmc1k2,AACCCAAGTGGGCTTC-1,celltype4
pbmc1k2,AACCCAATCTTACCGC-1,celltype3
pbmc1k2,AACCTGACATCCTATT-1,celltype5
pbmc1k2,AACCTTTGTTTCGGCG-1,celltype3
pbmc1k2,AACGAAAAGGTTGGTG-1,celltype5
pbmc1k2,AACGAAACAATGTCTG-1,celltype7
pbmc1k2,AACGAAACAGCGTTTA-1,celltype5
pbmc1k2,AACGAAATCCATTTAC-1,celltype2
pbmc1k2,AACGGGAGTCGCTCGA-1,celltype1
pbmc1k2,AACGTCAAGACGCCCT-1,celltype5
pbmc1k2,AAGAACAAGACCATTC-1,celltype3
pbmc1k2,AAGAACAAGCCTCAGC-1,celltype1
pbmc1k2,AAGAACATCTTGCAAG-1,celltype6
pbmc1k2,AAGACAACACTTCAGA-1,celltype1
pbmc1k2,AAGACAACAGATCACT-1,celltype1
pbmc1k2,AAGACAACAGTAGATA-1,celltype7
pbmc1k2,AAGACAATCCGCGAGT-1,celltype2
pbmc1k2,AAGACTCGTGACGTCC-1,celltype7
pbmc1k2,AAGCATCAGGTCCGAA-1,celltype2
pbmc1k2,AAGCATCCAGTCTTCC-1,celltype1
pbmc1k2,AAGCGTTCACTGATTG-1,celltype1
pbmc1k2,AAGCGTTTCGCTATTT-1,celltype4
pbmc1k2,AAGGTAAAGGAAGTAG-1,celltype3
pbmc1k2,AAGGTAAAGGCCACCT-1,celltype6
pbmc1k2,AAGGTAAGTCCTTAAG-1,celltype6
pbmc1k2,AAGTACCAGCGCCTTG-1,celltype2
pbmc1k2,AAGTACCAGCTCCATA-1,celltype2
pbmc1k2,AAGTACCCAAAGAACT-1,celltype2
pbmc1k2,AAGTGAACATCAGCAT-1,celltype3
pbmc1k2,AAGTGAATCGGAAGGT-1,celltype1
pbmc1k2,AAGTTCGAGGATACAT-1,celltype2
pbmc1k2,AAGTTCGGTCAACACT-1,celltype1
pbmc1k2,AATCACGAGGCTCTAT-1,celltype7
pbmc1k2,AATCGACAGTATGTAG-1,celltype7
pbmc1k2,AATCGACGTGAGACGT-1,celltype5
pbmc1k2,AATGAAGCAGTATGAA-1,celltype7
pbmc1k2,AATGACCGTGTCATCA-1,celltype1
pbmc1k2,AATGGAACACTCATAG-1,celltype4
pbmc1k2,AATGGAATCTGATGGT-1,celltype1
pbmc1k2,AATGGCTAGGACGGAG-1,celltype7
pbmc1k2,AATTCCTTCCATTGGA-1,celltype1
pbmc1k2,ACAAAGAAGCCTCAAT-1,celltype1
pbmc1k2,ACAAAGAGTTCCATTT-1,celltype3
pbmc1k2,ACAACCATCTATCCAT-1,celltype2
pbmc1k2,ACAACCATCTGCCCTA-1,celltype6
pbmc1k2,ACAAGCTGTAGGTCAG-1,celltype6
pbmc1k2,ACACCAAAGAGTCAGC-1,celltype2
pbmc1k2,ACACGCGGTGTTGCCG-1,celltype1
pbmc1k2,ACACGCGTCACCTCGT-1,celltype3
pbmc1k2,ACACGCGTCGCCGTGA-1,celltype5
pbmc1k2,ACACTGATCACTGATG-1,celltype5
pbmc1k2,ACACTGATCTTTCCGG-1,celltype6
pbmc1k2,ACAGAAAAGTATTAGG-1,celltype1
pbmc1k2,ACAGAAACACCAGCGT-1,celltype5
pbmc1k2,ACAGCCGTCGCTGTTC-1,celltype4
pbmc1k2,ACATCCCCACAAATGA-1,celltype6
pbmc1k2,ACATCCCGTAAGATTG-1,celltype5
pbmc1k2,ACATCGATCTAAGAAG-1,celltype3
pbmc1k2,ACATCGATCTGAGAGG-1,celltype3
pbmc1k2,ACATCGATCTTGGGCG-1,celltype5
pbmc1k2,ACATGCAGTTGCTTGA-1,celltype5
pbmc1k2,ACATTTCGTGCCGAAA-1,celltype2
pbmc1k2,ACATTTCGTTTCTTAC-1,celltype4
pbmc1k2,ACCACAAAGGCCTTGC-1,celltype5
pbmc1k2,ACCACAAAGGTTAGTA-1,celltype7
pbmc1k2,ACCACAAGTCTGTGGC-1,celltype4
pbmc1k2,ACCATTTCATTGGGAG-1,celltype6
pbmc1k2,ACCCAAAAGCCACAAG-1,celltype7
pbmc1k2,ACCCAAAGTTGGGAAC-1,celltype1
pbmc1k2,ACCCTTGGTATCGTAC-1,celltype6
pbmc1k2,ACCCTTGTCATTTCGT-1,celltype3
pbmc1k2,ACCTACCCAACGGTAG-1,celltype3
pbmc1k2,ACCTGAACATGAGAAT-1,celltype6
pbmc1k2,ACCTGTCTCAAGTCTG-1,celltype2
pbmc1k2,ACCTGTCTCTCAACGA-1,celltype1
pbmc1k2,ACGATCAGTCGTTCAA-1,celltype3
pbmc1k2,ACGATCATCCACGGAC-1,celltype3
pbmc1k2,ACGATCATCCGTTGGG-1,celltype2
pbmc1k2,ACGCACGAGAGAGTGA-1,celltype3
pbmc1k2,ACGGTCGTCACTACGA-1,celltype6
pbmc1k2,ACGGTTAAGTGCTCAT-1,celltype4
pbmc1k2,ACGTAACAGGTGCTTT-1,celltype2
pbmc1k2,ACGTAACTCATATGGC-1,celltype4
pbmc1k2,ACGTAACTCTTCGATT-1,celltype5
pbmc1k2,ACGTACAAGCTGTTCA-1,celltype3
pbmc1k2,ACGTACACAAAGCTCT-1,celltype1
pbmc1k2,ACGTACACAGACGATG-1,celltype3
pbmc1k2,ACGTAGTCACGCCACA-1,celltype4
pbmc1k2,ACGTAGTCATTAGGAA-1,celltype3
pbmc1k2,ACGTTCCGTGGGTCAA-1,celltype5
pbmc1k2,ACTATCTGTGTGTACT-1,celltype3
pbmc1k2,ACTATGGAGAAATCCA-1,celltype4
pbmc1k2,ACTCCCAAGGTTGGTG-1,celltype3
pbmc1k2,ACTCCCATCGTCCTCA-1,celltype2
pbmc1k2,ACTGATGAGCAGCGAT-1,celltype4
pbmc1k2,ACTGATGCACCAGCCA-1,celltype4
pbmc1k2,ACTGTGACAACTCGAT-1,celltype2
pbmc1k2,ACTTATCTCTAAGGAA-1,celltype1
pbmc1k2,ACTTCGCAGAACCGCA-1,celltype6
pbmc1k2,ACTTCGCGTACTCCGG-1,celltype4
pbmc1k2,ACTTTCAAGTATGACA-1,celltype3
pbmc1k2,ACTTTCACAAGCGAAC-1,celltype7
pbmc1k2,ACTTTCAGTACGCGTC-1,celltype6
pbmc1k2,AGAAATGTCATTCGTT-1,celltype7
pbmc1k2,AGAAGCGGTCTAGATC-1,celltype6
pbmc1k2,AGAAGCGTCTGCGTCT-1,celltype6
pbmc1k2,AGACAAAGTAGCTTGT-1,celltype1
pbmc1k2,AGACACTCAAGTCGTT-1,celltype2
pbmc1k2,AGACCATCATTACTCT-1,celltype2
pbmc1k2,AGACTCATCAACGCTA-1,celltype6
pbmc1k2,AGACTCATCAGAGCGA-1,celltype5
pbmc1k2,AGAGAATAGAGGGTCT-1,celltype3
pbmc1k2,AGAGAATCACCCAACG-1,celltype2
pbmc1k2,AGAGAGCAGTTGTCGT-1,celltype4
pbmc1k2,AGAGCAGGTCATAAAG-1,celltype5
pbmc1k2,AGAGCAGGTTGAGTCT-1,celltype2
pbmc1k2,AGAGCAGTCGCGCTGA-1,celltype3
pbmc1k2,AGAGCCCGTCACTCGG-1,celltype2
pbmc1k2,AGATAGAGTGACACGA-1,celltype5
pbmc1k2,AGATCGTCAGGACTTT-1,celltype3
pbmc1k2,AGATGAACAGGCACAA-1,celltype3
pbmc1k2,AGATGCTGTACGGTTT-1,celltype5
pbmc1k2,AGATGCTGTGTGGTCC-1,celltype2
pbmc1k2,AGCATCAGTCGGTGTC-1,celltype1
pbmc1k2,AGCATCAGTGGTCCGT-1,celltype2
pbmc1k2,AGCCAATAGTCCCTAA-1,celltype6
pbmc1k2,AGCCACGCAGGTTCGC-1,celltype2
pbmc1k2,AGCCACGGTTCCGCGA-1,celltype1
pbmc1k2,AGCCACGTCCGAGAAG-1,celltype3
pbmc1k2,AGCCAGCGTAATGCGG-1,celltype2
pbmc1k2,AGCCAGCGTAGTTAGA-1,celltype4
pbmc1k2,AGCGTATCATATGCGT-1,celltype7
pbmc1k2,AGCGTATTCAGTGGGA-1,celltype4
pbmc1k2,AGCGTCGCATTGACCA-1,celltype2
pbmc1k2,AGCGTCGTCCTTATCA-1,celltype7
pbmc1k2,AGCTACACAGTCGGAA-1,celltype6
pbmc1k2,AGCTACAGTCGTTTCC-1,celltype3
pbmc1k2,AGGAAATTCACCATGA-1,celltype1
pbmc1k2,AGGAATACAAACTCGT-1,celltype2
pbmc1k2,AGGAATATCATTACGG-1,celltype2
pbmc1k2,AGGACGAAGACCTTTG-1,celltype3
pbmc1k2,AGGACGAAGATTAGTG-1,celltype6
pbmc1k2,AGGACGATCACTGATG-1,celltype2
pbmc1k2,AGGACGATCCAGTACA-1,celltype3
pbmc1k2,AGGACTTTCCTACCAC-1,celltype3
pbmc1k2,AGGAGGTAGGTCACAG-1,celltype7
pbmc1k2,AGGATAAAGAACAAGG-1,celltype2
pbmc1k2,AGGCCACAGGGCCAAT-1,celltype2
pbmc1k2,AGGCTGCAGGGCTTCC-1,celltype4
pbmc1k2,AGGCTGCGTGTGTGTT-1,celltype4
pbmc1k2,AGGGAGTCACCATTCC-1,celltype7
pbmc1k2,AGGGAGTGTGTCGCTG-1,celltype2
pbmc1k2,AGGGCTCCAATACGCT-1,celltype5
pbmc1k2,AGGGTCCCAGGACATG-1,celltype5
pbmc1k2,AGGGTCCCAGTAGTTC-1,celltype3
pbmc1k2,AGGGTTTCAGCGTGCT-1,celltype1
pbmc1k2,AGGTAGGAGGAAGTAG-1,celltype4
pbmc1k2,AGGTAGGCAAAGCGTG-1,celltype1
pbmc1k2,AGGTCATTCAAGTCGT-1,celltype5
pbmc1k2,AGGTGTTCATTAAGCC-1,celltype1
pbmc1k2,AGGTGTTGTCGATTAC-1,celltype6
pbmc1k2,AGGTGTTTCAATGCAC-1,celltype2
pbmc1k2,AGGTGTTTCGTTACCC-1,celltype5
pbmc1k2,AGGTTACAGGTGCGAT-1,celltype2
pbmc1k2,AGGTTACGTCTGATAC-1,celltype1
pbmc1k2,AGTAACCCAAGCTCTA-1,celltype5
pbmc1k2,AGTAACCTCGTTGTAG-1,celltype2
pbmc1k2,AGTACCAGTGGGTCAA-1,celltype5
pbmc1k2,AGTACCATCAGCTTGA-1,celltype3
pbmc1k2,AGTAGCTAGGAGTACC-1,celltype4
pbmc1k2,AGTAGCTCACTGCTTC-1,celltype7
pbmc1k2,AGTAGCTCAGGCACTC-1,celltype5
pbmc1k2,AGTAGCTGTTAGAAAC-1,celltype5
pbmc1k2,AGTAGTCGTATGACAA-1,celltype6
pbmc1k2,AGTCAACAGTCATGCT-1,celltype1
pbmc1k2,AGTCAACGTACACGCC-1,celltype4
pbmc1k2,AGTCTCCCAACCGTGC-1,celltype4
pbmc1k2,AGTCTCCGTGAGTCAG-1,celltype3
pbmc1k2,AGTGCCGCATCTGGGC-1,celltype3
pbmc1k2,AGTTAGCAGTCAGGGT-1,celltype3
pbmc1k2,AGTTAGCGTACCATAC-1,celltype4
pbmc1k2,AGTTAGCGTTCATCGA-1,celltype3
pbmc1k2,AGTTCCCCAAACAGGC-1,celltype3
pbmc1k2,AGTTCCCGTTACACTG-1,celltype2
pbmc1k2,AGTTCGAGTATGCGTT-1,celltype4
pbmc1k2,ATACCGACACACGGTC-1,celltype6
pbmc1k2,ATACTTCGTACGACTT-1,celltype1
pbmc1k2,ATACTTCGTTCGGTAT-1,celltype2
pbmc1k2,ATACTTCTCAGCTGAT-1,celltype6
pbmc1k2,ATACTTCTCGCCGTGA-1,celltype4
pbmc1k2,ATAGACCTCCGCTTAC-1,celltype3
pbmc1k2,ATAGGCTGTGTTACAC-1,celltype5
pbmc1k2,ATATCCTGTATGAGCG-1,celltype4
pbmc1k2,ATCACAGAGACGTCCC-1,celltype1
pbmc1k2,ATCACAGCATGACGTT-1,celltype5
pbmc1k2,ATCACGATCCGCAACG-1,celltype3
pbmc1k2,ATCACTTGTGGCTGCT-1,celltype1
pbmc1k2,ATCCACCCAGCAGTGA-1,celltype3
pbmc1k2,ATCCACCCATGTCTAG-1,celltype3
pbmc1k2,ATCCACCGTTTGTTGG-1,celltype1
pbmc1k2,ATCCATTAGACGCAGT-1,celltype4
pbmc1k2,ATCCCTGCAATTTCTC-1,celltype3
pbmc1k2,ATCCGTCCAACTCCCT-1,celltype4
pbmc1k2,ATCCTATGTCTGTGCG-1,celltype4
pbmc1k2,ATCGATGCAACGGCTC-1,celltype4
pbmc1k2,ATCGATGGTCAATCTG-1,celltype3
pbmc1k2,ATCGGATAGGAAAGGT-1,celltype6
pbmc1k2,ATCGGCGAGTCCTACA-1,celltype7
pbmc1k2,ATCGTAGCATCGGAGA-1,celltype5
pbmc1k2,ATCGTCCAGCCTGAAG-1,celltype1
pbmc1k2,ATCGTCCGTATGAGGC-1,celltype1
pbmc1k2,ATCGTCCTCGGAGCAA-1,celltype1
pbmc1k2,ATCGTGAAGCAGATAT-1,celltype5
pbmc1k2,ATCTCTACAAGAAACT-1,celltype1
pbmc1k2,ATCTCTAGTCGTGGTC-1,celltype2
pbmc1k2,ATCTTCAAGAAGAGCA-1,celltype5
pbmc1k2,ATCTTCACATACTGAC-1,celltype5
pbmc1k2,ATCTTCAGTCTCTCCA-1,celltype5
pbmc1k2,ATCTTCATCTCATAGG-1,celltype3
pbmc1k2,ATGAAAGTCCTTATGT-1,celltype6
pbmc1k2,ATGACCAAGGCTAACG-1,celltype1
pbmc1k2,ATGACCACAATATCCG-1,celltype6
pbmc1k2,ATGAGTCTCCAGTTCC-1,celltype4
pbmc1k2,ATGATCGGTCGAACAG-1,celltype4
pbmc1k2,ATGCGATGTGCTCTTC-1,celltype4
pbmc1k2,ATGCGATGTTGTAGCT-1,celltype6
pbmc1k2,ATGGAGGGTGTTTACG-1,celltype7
pbmc1k2,ATGGATCGTAGATTGA-1,celltype4
pbmc1k2,ATGGATCTCGACCTAA-1,celltype7
pbmc1k2,ATGGGAGAGACGTCCC-1,celltype6
pbmc1k2,ATGGGAGCACTCCGGA-1,celltype1
pbmc1k2,ATGGGAGTCCACTGAA-1,celltype1
pbmc1k2,ATGGGAGTCCCATACC-1,celltype7
pbmc1k2,ATGGTTGTCACGGAGA-1,celltype5
pbmc1k2,ATGTCCCCAGGAATCG-1,celltype4
pbmc1k2,ATGTCCCCATAGGTTC-1,celltype4
pbmc1k2,ATGTCCCGTCCTACGG-1,celltype5
pbmc1k2,ATGTCTTAGATGGCGT-1,celltype7
pbmc1k2,ATTACTCCAGCTTTGA-1,celltype6
pbmc1k2,ATTACTCGTTGCAACT-1,celltype4
pbmc1k2,ATTCACTAGAAGGCTC-1,celltype3
pbmc1k2,ATTCACTTCTCCGCAT-1,celltype3
pbmc1k2,ATTCAGGCAAGTATCC-1,celltype5
pbmc1k2,ATTCAGGCATAGCTGT-1,celltype1
pbmc1k2,ATTCAGGTCTTCGTGC-1,celltype3
pbmc1k2,ATTCCATCACGACTAT-1,celltype7
pbmc1k2,ATTCCCGAGTCACTCA-1,celltype2
pbmc1k2,ATTCCTACATGAGATA-1,celltype1
pbmc1k2,ATTCGTTCAGTCTTCC-1,celltype6
pbmc1k2,ATTCGTTGTAACACCT-1,celltype2
pbmc1k2,ATTCGTTGTGTAGCAG-1,celltype7
pbmc1k2,ATTCGTTGTGTTCAGT-1,celltype2
pbmc1k2,ATTCGTTGTTCTTGTT-1,celltype5
pbmc1k2,ATTCTACTCTCGTGAA-1,celltype2
pbmc1k2,ATTCTTGAGTTCCAGT-1,celltype7
pbmc1k2,ATTCTTGGTACAATAG-1,celltype3
pbmc1k2,ATTTCACAGTGCAAAT-1,celltype1
pbmc1k2,ATTTCACGTGGATACG-1,celltype1
pbmc1k2,ATTTCTGCAAGGTCTT-1,celltype1
pbmc1k2,ATTTCTGGTATCCTCC-1,celltype4
pbmc1k2,ATTTCTGTCGATGCAT-1,celltype5
pbmc1k2,ATTTCTGTCGGCCAAC-1,celltype6
pbmc1k2,CAAAGAACACATATCG-1,celltype6
pbmc1k2,CAAAGAACAGCTGTTA-1,celltype3
pbmc1k2,CAAAGAAGTTCTCCCA-1,celltype5
pbmc1k2,CAACAACTCGATACTG-1,celltype3
pbmc1k2,CAACAGTCATCCGTTC-1,celltype2
pbmc1k2,CAACAGTTCGAGCACC-1,celltype2
pbmc1k2,CAACCAAGTTAGAAAC-1,celltype5
pbmc1k2,CAACCAATCCGCTTAC-1,celltype7
pbmc1k2,CAACCTCGTATCGGTT-1,celltype6
pbmc1k2,CAACGATAGACGGAAA-1,celltype1
pbmc1k2,CAACGATAGCCTAGGA-1,celltype1
pbmc1k2,CAACGATCAAAGCACG-1,celltype6
pbmc1k2,CAACGATTCAAGCCCG-1,celltype5
pbmc1k2,CAAGACTAGTGGAAAG-1,celltype3
pbmc1k2,CAAGACTTCAATCGGT-1,celltype1
pbmc1k2,CAAGAGGTCTTCACGC-1,celltype1
pbmc1k2,CAAGCTAGTGGCTGCT-1,celltype1
pbmc1k2,CAAGCTATCCAAGGGA-1,celltype7
pbmc1k2,CAAGGGAAGAGTCGAC-1,celltype6
pbmc1k2,CAATACGAGGCAGCTA-1,celltype3
pbmc1k2,CAATACGTCTCGACCT-1,celltype7
pbmc1k2,CAATCGAAGAGGATCC-1,celltype6
pbmc1k2,CAATCGATCCGTACGG-1,celltype6
pbmc1k2,CAATGACTCAAGCCCG-1,celltype2
pbmc1k2,CAATTTCAGATTGCGG-1,celltype4
pbmc1k2,CACACAACAAGAAACT-1,celltype2
pbmc1k2,CACACAACACGAGGAT-1,celltype5
pbmc1k2,CACAGATCACTCCGAG-1,celltype1
pbmc1k2,CACAGATCATCATGAC-1,celltype5
pbmc1k2,CACAGATGTTCCGTTC-1,celltype1
pbmc1k2,CACAGGCCAACGATCT-1,celltype5
pbmc1k2,CACATGAGTTTCGACA-1,celltype6
pbmc1k2,CACCAAAAGGACATCG-1,celltype1
pbmc1k2,CACCGTTCACCCTAGG-1,celltype2
pbmc1k2,CACGAATCACATAGCT-1,celltype6
pbmc1k2,CACGAATTCAAGTCGT-1,celltype6
pbmc1k2,CACGGGTAGCATTTGC-1,celltype1
pbmc1k2,CACGGGTTCCCGATCT-1,celltype4
pbmc1k2,CACGTTCCAGCTTCCT-1,celltype1
pbmc1k2,CACGTTCTCTATCACT-1,celltype6
pbmc1k2,CACTAAGGTGATAGTA-1,celltype6
pbmc1k2,CACTGAAGTCTTTCTA-1,celltype4
pbmc1k2,CACTGAATCCTGATAG-1,celltype1
pbmc1k2,CACTGGGAGGCGACAT-1,celltype1
pbmc1k2,CACTGGGAGTTACTCG-1,celltype5
pbmc1k2,CACTGGGGTCGCACAC-1,celltype1
pbmc1k2,CACTGTCCACATATGC-1,celltype4
pbmc1k2,CACTTCGTCACCTACC-1,celltype1
pbmc1k2,CAGAGCCGTGCCCGTA-1,celltype2
pbmc1k2,CAGATACTCGTTCCCA-1,celltype6
pbmc1k2,CAGATTGAGAACGTGC-1,celltype2
pbmc1k2,CAGATTGAGCTGAGCA-1,celltype6
pbmc1k2,CAGATTGGTGACTAAA-1,celltype4
pbmc1k2,CAGCAATGTATCGTTG-1,celltype1
pbmc1k2,CAGCAGCTCAGAGTTC-1,celltype3
pbmc1k2,CAGCCAGGTGGGTTGA-1,celltype1
pbmc1k2,CAGCGTGTCCATCACC-1,celltype4
pbmc1k2,CAGGCCAGTTCAATCG-1,celltype6
pbmc1k2,CAGGCCATCACTCACC-1,celltype3
pbmc1k2,CAGGCCATCCACTAGA-1,celltype5
pbmc1k2,CAGGGCTAGATTGGGC-1,celltype3
pbmc1k2,CAGGGCTTCGACGAGA-1,celltype7
pbmc1k2,CAGGTATGTCAGTCTA-1,celltype1
pbmc1k2,CAGGTATGTGTAAATG-1,celltype4
pbmc1k2,CAGTTCCCAATCGTCA-1,celltype3
pbmc1k2,CATAAGCGTAGCGCTC-1,celltype2
pbmc1k2,CATAAGCTCCGTGTGG-1,celltype1
pbmc1k2,CATACTTTCAACGAGG-1,celltype6
pbmc1k2,CATAGACCATCTCAAG-1,celltype7
pbmc1k2,CATAGACGTACCTTCC-1,celltype7
pbmc1k2,CATCAAGAGCGCCGTT-1,celltype1
pbmc1k2,CATCAAGGTATGGTTC-1,celltype4
pbmc1k2,CATCAAGGTCTAACTG-1,celltype4
pbmc1k2,CATCAAGGTTGTCCCT-1,celltype4
pbmc1k2,CATCCGTGTATCGCTA-1,celltype2
pbmc1k2,CATCGCTTCTTTGCAT-1,celltype7
pbmc1k2,CATCGGGTCGCTACAA-1,celltype4
pbmc1k2,CATCGTCTCCGTTGAA-1,celltype3
pbmc1k2,CATGAGTCACCATTCC-1,celltype3
pbmc1k2,CATGCCTCAATTGCTG-1,celltype4
pbmc1k2,CATGCCTCAGGCTATT-1,celltype5
pbmc1k2,CATGCCTGTTCCGCAG-1,celltype1
pbmc1k2,CATGCTCGTCTCTCAC-1,celltype4
pbmc1k2,CATTCTAGTAGCTTGT-1,celltype3
pbmc1k2,CATTCTATCAGTAGGG-1,celltype1
pbmc1k2,CATTGAGAGGGACCAT-1,celltype1
pbmc1k2,CATTTCATCTCTCTTC-1,celltype1
pbmc1k2,CCAAGCGAGCTAATCC-1,celltype2
pbmc1k2,CCAAGCGAGGTTCATC-1,celltype5
pbmc1k2,CCAATGAAGGTCACTT-1,celltype4
pbmc1k2,CCAATTTCAAAGGCTG-1,celltype3
pbmc1k2,CCAATTTCATTCGATG-1,celltype3
pbmc1k2,CCACACTCAGGACTTT-1,celltype1
pbmc1k2,CCACCATAGGTCATCT-1,celltype3
pbmc1k2,CCACGAGGTAATCAAG-1,celltype7
pbmc1k2,CCACGAGTCTTCCTAA-1,celltype1
pbmc1k2,CCACGTTTCATCAGTG-1,celltype4
pbmc1k2,CCACGTTTCGTGAGAG-1,celltype6
pbmc1k2,CCACGTTTCTGCTGAA-1,celltype4
pbmc1k2,CCACTTGCAGCTATTG-1,celltype3
pbmc1k2,CCACTTGTCGCAGAGA-1,celltype1
pbmc1k2,CCATAAGGTGAGGAAA-1,celltype1
pbmc1k2,CCATCACAGTGGTGAC-1,celltype7
pbmc1k2,CCATCACCATTAAAGG-1,celltype4
pbmc1k2,CCATCACTCTAACACG-1,celltype5
pbmc1k2,CCCGGAATCAAACCCA-1,celltype2
pbmc1k2,CCCTAACCAGGTTCGC-1,celltype2
pbmc1k2,CCCTAACGTAACTGCT-1,celltype1
pbmc1k2,CCCTTAGGTTTCCAAG-1,celltype6
pbmc1k2,CCGAACGAGCTAAGTA-1,celltype2
pbmc1k2,CCGAACGAGGAACGCT-1,celltype1
pbmc1k2,CCGATCTGTGGAGGTT-1,celltype5
pbmc1k2,CCGATGGGTTCTCGCT-1,celltype1
pbmc1k2,CCGATGGTCACCTCTG-1,celltype5
pbmc1k2,CCGATGGTCTGTCGCT-1,celltype4
pbmc1k2,CCGCAAGCATTCAGGT-1,celltype2
pbmc1k2,CCGCAAGGTACCAGAG-1,celltype6
pbmc1k2,CCGGACAGTGATACCT-1,celltype1
pbmc1k2,CCGGGTACACTCCGAG-1,celltype1
pbmc1k2,CCGGGTACATACCAGT-1,celltype7
pbmc1k2,CCGGTAGGTAGTACGG-1,celltype3
pbmc1k2,CCGTAGGGTTCCCACT-1,celltype3
pbmc1k2,CCGTAGGTCATACAGC-1,celltype4
pbmc1k2,CCGTGAGAGAGGTCAC-1,celltype3
pbmc1k2,CCGTGAGTCGCCTTTG-1,celltype4
pbmc1k2,CCGTTCACAGAAGCTG-1,celltype6
pbmc1k2,CCTAAGAAGACTCTAC-1,celltype3
pbmc1k2,CCTATCGAGACAGCGT-1,celltype5
pbmc1k2,CCTCAACTCTTAGCCC-1,celltype2
pbmc1k2,CCTCAGTAGCAAGGAA-1,celltype5
pbmc1k2,CCTCAGTCATGATGCT-1,celltype2
pbmc1k2,CCTCAGTTCCGAGCTG-1,celltype4
pbmc1k2,CCTCATGCACTATGTG-1,celltype3
pbmc1k2,CCTCATGGTTTCGCTC-1,celltype2
pbmc1k2,CCTCATGTCTCTCAAT-1,celltype5
pbmc1k2,CCTCCAAAGGCCCGTT-1,celltype1
pbmc1k2,CCTCCAACAACCCTCT-1,celltype3
pbmc1k2,CCTCCAACACAATGAA-1,celltype4
pbmc1k2,CCTCCTCAGTCCCGAC-1,celltype4
pbmc1k2,CCTCCTCCATTCAGGT-1,celltype2
pbmc1k2,CCTCCTCTCAAGCGTT-1,celltype2
pbmc1k2,CCTCTAGCAGACCTAT-1,celltype1
pbmc1k2,CCTCTCCGTGTGCTTA-1,celltype7
pbmc1k2,CCTCTCCTCGTTCCTG-1,celltype1
pbmc1k2,CCTGCATAGTGGTGAC-1,celltype1
pbmc1k2,CCTGCATCAACGGGTA-1,celltype2
pbmc1k2,CCTGCATGTTCTTAGG-1,celltype6
pbmc1k2,CCTGTTGGTGTGCCTG-1,celltype5
pbmc1k2,CCTGTTGTCAAGAGTA-1,celltype4
pbmc1k2,CCTTCAGAGGAACGTC-1,celltype7
pbmc1k2,CCTTCAGCACAGAGCA-1,celltype4
pbmc1k2,CGAAGGATCGACGCGT-1,celltype6
pbmc1k2,CGAATTGGTCTGTTAG-1,celltype2
pbmc1k2,CGAGAAGTCAAGTTGC-1,celltype4
pbmc1k2,CGAGAAGTCCAATGCA-1,celltype1
pbmc1k2,CGAGGAAAGTCGCGAA-1,celltype2
pbmc1k2,CGAGGAACACTGATTG-1,celltype4
pbmc1k2,CGAGGAAGTCCTGGGT-1,celltype7
pbmc1k2,CGAGGCTCAGATCACT-1,celltype4
pbmc1k2,CGAGGCTCAGCATGCC-1,celltype5
pbmc1k2,CGAGTGCGTTCCGCGA-1,celltype6
pbmc1k2,CGAGTTAGTCGAGTTT-1,celltype5
pbmc1k2,CGATCGGCAATTGGTC-1,celltype5
pbmc1k2,CGATCGGCAGCGTGAA-1,celltype2
pbmc1k2,CGATGCGAGCAGAAAG-1,celltype2
pbmc1k2,CGATGCGTCGAACCAT-1,celltype4
pbmc1k2,CGATGGCCACTCGATA-1,celltype6
pbmc1k2,CGATGGCGTAGCGTCC-1,celltype6
pbmc1k2,CGCAGGTGTGCTTCAA-1,celltype4
pbmc1k2,CGCATAAAGTGATGGC-1,celltype1
pbmc1k2,CGCATGGAGGCCACTC-1,celltype7
pbmc1k2,CGCGTGAGTACAATAG-1,celltype4
pbmc1k2,CGGAACCGTATCACGT-1,celltype5
pbmc1k2,CGGAACCGTTTGCAGT-1,celltype4
pbmc1k2,CGGACACAGGACAGCT-1,celltype5
pbmc1k2,CGGGACTGTTTCACTT-1,celltype3
pbmc1k2,CGGGTGTTCCGTGACG-1,celltype5
pbmc1k2,CGTAAGTGTGATAGTA-1,celltype6
pbmc1k2,CGTAGTATCAGCCCAG-1,celltype3
pbmc1k2,CGTCAAACAGAATGTA-1,celltype3
pbmc1k2,CGTCCATGTTTGGAAA-1,celltype2
pbmc1k2,CGTGAATAGTCGGCCT-1,celltype6
pbmc1k2,CGTGATATCTGGTGGC-1,celltype7
pbmc1k2,CGTGCTTAGCTTTGTG-1,celltype5
pbmc1k2,CGTGCTTCAAGCGCTC-1,celltype1
pbmc1k2,CGTGCTTGTTTAGACC-1,celltype6
pbmc1k2,CGTGTCTCACAGTACT-1,celltype6
pbmc1k2,CGTGTCTCATGGGTTT-1,celltype2
pbmc1k2,CGTGTCTGTCAGTTTG-1,celltype1
pbmc1k2,CGTTAGATCAGCCTCT-1,celltype1
pbmc1k2,CGTTAGATCATTATCC-1,celltype1
pbmc1k2,CGTTAGATCCAAGAGG-1,celltype5
pbmc1k2,CGTTCTGTCAGCGCAC-1,celltype2
pbmc1k2,CGTTCTGTCCCGAACG-1,celltype3
pbmc1k2,CTAACCCAGCCGCTTG-1,celltype2
pbmc1k2,CTAACCCCACTTCAAG-1,celltype6
pbmc1k2,CTAACTTAGCCTCACG-1,celltype7
pbmc1k2,CTAAGTGCACAATGCT-1,celltype4
pbmc1k2,CTAAGTGGTCCACTCT-1,celltype3
pbmc1k2,CTACAGACAACAAAGT-1,celltype7
pbmc1k2,CTACAGACAGGAATAT-1,celltype7
pbmc1k2,CTACAGATCAGGAGAC-1,celltype7
pbmc1k2,CTACCTGCAACGGGTA-1,celltype7
pbmc1k2,CTACCTGTCTCGAACA-1,celltype5
pbmc1k2,CTACGGGTCACCATAG-1,celltype7
pbmc1k2,CTACGGGTCGTTCAGA-1,celltype3
pbmc1k2,CTAGACAGTCGTGGTC-1,celltype1
pbmc1k2,CTAGACAGTCTAACTG-1,celltype1
pbmc1k2,CTAGGTATCTAACGCA-1,celltype4
pbmc1k2,CTATCCGAGCTGTTAC-1,celltype2
pbmc1k2,CTCAACCGTGGATGAC-1,celltype4
pbmc1k2,CTCAACCGTGTGTCGC-1,celltype4
pbmc1k2,CTCAAGAAGATTACCC-1,celltype6
pbmc1k2,CTCAAGACATCCTGTC-1,celltype7
pbmc1k2,CTCAAGAGTCAAAGAT-1,celltype3
pbmc1k2,CTCAATTTCGGAAGGT-1,celltype5
pbmc1k2,CTCACTGCACCTTCCA-1,celltype2
pbmc1k2,CTCAGAACAATTGTGC-1,celltype4
pbmc1k2,CTCAGGGGTCATCGCG-1,celltype5
pbmc1k2,CTCAGGGTCTCACCCA-1,celltype1
pbmc1k2,CTCAGTCAGGGACAGG-1,celltype3
pbmc1k2,CTCATCGAGAGGCGTT-1,celltype2
pbmc1k2,CTCATCGTCGTACCTC-1,celltype4
pbmc1k2,CTCATTAAGGAAGTGA-1,celltype5
pbmc1k2,CTCATTATCGTACACA-1,celltype1
pbmc1k2,CTCCAACCAATCTCTT-1,celltype3
pbmc1k2,CTCCAACGTAGTGTGG-1,celltype6
pbmc1k2,CTCCATGAGACAGCTG-1,celltype4
pbmc1k2,CTCCATGGTGTTGACT-1,celltype5
pbmc1k2,CTCCATGTCATCGTAG-1,celltype2
pbmc1k2,CTCCATGTCGTCGATA-1,celltype1
pbmc1k2,CTCCCAATCAATCAGC-1,celltype3
pbmc1k2,CTCCCTCAGCGCGTTC-1,celltype1
pbmc1k2,CTCCCTCCACCGGAAA-1,celltype1
pbmc1k2,CTCCCTCGTTTACGAC-1,celltype3
pbmc1k2,CTCCCTCTCATCGCTC-1,celltype3
pbmc1k2,CTCCGATTCCTTTAGT-1,celltype3
pbmc1k2,CTCCGATTCTTTCTAG-1,celltype2
pbmc1k2,CTCCTCCTCACCTCTG-1,celltype2
pbmc1k2,CTCCTTTAGATGCTGG-1,celltype1
pbmc1k2,CTCCTTTTCTACACTT-1,celltype2
pbmc1k2,CTCGAGGAGCCTATTG-1,celltype4
pbmc1k2,CTCGAGGAGGAAAGGT-1,celltype3
pbmc1k2,CTCTCAGGTTAAGCAA-1,celltype2
pbmc1k2,CTCTCGATCCATAGGT-1,celltype4
pbmc1k2,CTCTGGTAGTAGGATT-1,celltype5
pbmc1k2,CTGAATGAGCTCTATG-1,celltype5
pbmc1k2,CTGAATGAGGCGAACT-1,celltype2
pbmc1k2,CTGAGGCGTTCAGCGC-1,celltype4
pbmc1k2,CTGATCCGTCGCGTCA-1,celltype6
pbmc1k2,CTGATCCTCCCTCTAG-1,celltype3
pbmc1k2,CTGATCCTCTCTCCGA-1,celltype7
pbmc1k2,CTGCAGGAGCCATTGT-1,celltype2
pbmc1k2,CTGCATCAGCGTCAAG-1,celltype5
pbmc1k2,CTGCATCGTAAGCTCT-1,celltype2
pbmc1k2,CTGCCATTCAGTGTTG-1,celltype6
pbmc1k2,CTGCCATTCGGAACTT-1,celltype1
pbmc1k2,CTGCCTACAAGACTGG-1,celltype5
pbmc1k2,CTGCCTATCTTGATTC-1,celltype4
pbmc1k2,CTGCGAGAGATTAGAC-1,celltype5
pbmc1k2,CTGCGAGAGTGCACTT-1,celltype1
pbmc1k2,CTGCGAGCAGATTCGT-1,celltype4
pbmc1k2,CTGCGAGGTAGGTTTC-1,celltype5
pbmc1k2,CTGCTCACAGCGTTTA-1,celltype1
pbmc1k2,CTGGACGCAACGATTC-1,celltype6
pbmc1k2,CTGGACGCACACGGTC-1,celltype5
pbmc1k2,CTGGACGGTTCCCAAA-1,celltype3
pbmc1k2,CTGGACGTCTCATTTG-1,celltype1
pbmc1k2,CTGGCAGGTTGCAAGG-1,celltype5
pbmc1k2,CTGGCAGTCGTCTCAC-1,celltype6
pbmc1k2,CTGTCGTAGCTGGCCT-1,celltype2
pbmc1k2,CTGTGAAAGGAACGCT-1,celltype5
pbmc1k2,CTGTGAATCATCGCTC-1,celltype5
pbmc1k2,CTGTGGGGTCGTGATT-1,celltype7
pbmc1k2,CTTACCGCATGTGGTT-1,celltype7
pbmc1k2,CTTAGGAGTCTGTGGC-1,celltype4
pbmc1k2,CTTCAATGTTGGACTT-1,celltype2
pbmc1k2,CTTCAATTCGAGAGCA-1,celltype7
pbmc1k2,CTTCGGTCACGTTCGG-1,celltype4
pbmc1k2,CTTCGGTTCCAAGAGG-1,celltype4
pbmc1k2,CTTCTCTTCCTACAAG-1,celltype6
pbmc1k2,CTTGAGAAGAATTGCA-1,celltype2
pbmc1k2,CTTGAGATCCCGAGGT-1,celltype7
pbmc1k2,CTTGATTAGGTAGGCT-1,celltype2
pbmc1k2,GAAACCTAGGAGGTTC-1,celltype7
pbmc1k2,GAACACTGTTGGACTT-1,celltype4
pbmc1k2,GAACGTTGTCAGGAGT-1,celltype5
pbmc1k2,GAACTGTCATCGAACT-1,celltype2
pbmc1k2,GAACTGTTCTCAAAGC-1,celltype6
pbmc1k2,GAAGAATAGGTACAAT-1,celltype1
pbmc1k2,GAAGCCCCAGGAACCA-1,celltype1
pbmc1k2,GAAGCGATCAGTAGGG-1,celltype3
pbmc1k2,GAAGGACGTCTGCCTT-1,celltype5
pbmc1k2,GAAGGGTTCGCAGATT-1,celltype2
pbmc1k2,GAAGTAAGTCTAGATC-1,celltype6
pbmc1k2,GAATCACCAGTGGTGA-1,celltype6
pbmc1k2,GACACGCCAGTCCGTG-1,celltype4
pbmc1k2,GACACGCGTTCCAAAC-1,celltype4
pbmc1k2,GACAGCCGTATCGTGT-1,celltype3
pbmc1k2,GACATCAGTAACGATA-1,celltype7
pbmc1k2,GACCCTTCAGCGTATT-1,celltype1
pbmc1k2,GACCCTTCATCATCTT-1,celltype2
pbmc1k2,GACCTTCCACCTGCGA-1,celltype1
pbmc1k2,GACCTTCGTCGAGCTC-1,celltype2
pbmc1k2,GACTATGCAGTCCCGA-1,celltype7
pbmc1k2,GACTATGCATCATTGG-1,celltype5
pbmc1k2,GACTATGTCCAAGGGA-1,celltype6
pbmc1k2,GACTCAATCTAGTGAC-1,celltype7
pbmc1k2,GACTCAATCTCCCAAC-1,celltype5
pbmc1k2,GACTGATTCATCCTAT-1,celltype2
pbmc1k2,GACTTCCTCCTCTAGC-1,celltype2
pbmc1k2,GAGAAATCATTGGATC-1,celltype2
pbmc1k2,GAGACCCAGTAGGATT-1,celltype1
pbmc1k2,GAGACTTAGTCACTCA-1,celltype3
pbmc1k2,GAGACTTCAGGCTATT-1,celltype1
pbmc1k2,GAGAGGTTCATAGACC-1,celltype2
pbmc1k2,GAGATGGCATGTAACC-1,celltype2
pbmc1k2,GAGCCTGAGCGCACAA-1,celltype7
pbmc1k2,GAGCCTGAGGCAGCTA-1,celltype4
pbmc1k2,GAGCCTGCAGTCTCTC-1,celltype3
pbmc1k2,GAGCCTGGTCCACGCA-1,celltype6
pbmc1k2,GAGCTGCGTCGGATTT-1,celltype1
pbmc1k2,GAGGCAAAGTCACGAG-1,celltype6
pbmc1k2,GAGGGATCACTTGGCG-1,celltype2
pbmc1k2,GAGGGTACAGTTTCAG-1,celltype6
pbmc1k2,GAGGGTAGTCAACACT-1,celltype2
pbmc1k2,GAGGGTATCTGTCCCA-1,celltype6
pbmc1k2,GAGTCATAGGGTTGCA-1,celltype4
pbmc1k2,GAGTGAGGTCGGCTAC-1,celltype4
pbmc1k2,GAGTGTTCACAAGCTT-1,celltype4
pbmc1k2,GAGTGTTGTACGTAGG-1,celltype3
pbmc1k2,GAGTTACAGACGACGT-1,celltype6
pbmc1k2,GAGTTGTAGCGTTACT-1,celltype1
pbmc1k2,GAGTTGTAGTGCGTCC-1,celltype5
pbmc1k2,GAGTTGTCACGGTGCT-1,celltype3
pbmc1k2,GATAGCTGTCGGAAAC-1,celltype1
pbmc1k2,GATAGCTGTCTGTTAG-1,celltype6
pbmc1k2,GATAGCTTCGTGCAGC-1,celltype4
pbmc1k2,GATCACACACCCTGTT-1,celltype6
pbmc1k2,GATCAGTAGGAACATT-1,celltype4
pbmc1k2,GATCAGTAGTGCGCTC-1,celltype2
pbmc1k2,GATCAGTGTTACAGCT-1,celltype7
pbmc1k2,GATCATGAGGCCTAAG-1,celltype6
pbmc1k2,GATCCCTAGAGGATGA-1,celltype2
pbmc1k2,GATCCCTGTAATTAGG-1,celltype2
pbmc1k2,GATCGTACAGCGCGTT-1,celltype6
pbmc1k2,GATCGTATCTCTGGTC-1,celltype3
pbmc1k2,GATGACTTCGTGGCGT-1,celltype2
pbmc1k2,GATGACTTCTCTAGGA-1,celltype4
pbmc1k2,GATGAGGCAAATGCGG-1,celltype2
pbmc1k2,GATGATCGTATGGAAT-1,celltype3
pbmc1k2,GATGATCGTGTAACGG-1,celltype4
pbmc1k2,GATGCTAGTACAGGTG-1,celltype2
pbmc1k2,GATGCTATCCTACGAA-1,celltype7
pbmc1k2,GATGGAGAGCCAGACA-1,celltype4
pbmc1k2,GATGGAGCACTTGAAC-1,celltype6
pbmc1k2,GATGGAGTCTGCGGCA-1,celltype2
pbmc1k2,GATGGAGTCTTCCAGC-1,celltype5
pbmc1k2,GATTCGAGTCGCACGT-1,celltype7
pbmc1k2,GATTCTTGTACAGTCT-1,celltype6
pbmc1k2,GATTGGTAGGCTGGAT-1,celltype7
pbmc1k2,GATTGGTGTTGAGAGC-1,celltype6
pbmc1k2,GATTTCTCAAGTGGGT-1,celltype3
pbmc1k2,GATTTCTGTCGTCGGT-1,celltype7
pbmc1k2,GATTTCTTCCTTCAGC-1,celltype4
pbmc1k2,GCAACCGTCATTTCCA-1,celltype3
pbmc1k2,GCAACCGTCGAACGGA-1,celltype4
pbmc1k2,GCACGGTAGTAGTCTC-1,celltype6
pbmc1k2,GCACGGTCACCCAACG-1,celltype4
pbmc1k2,GCACGTGTCAGACATC-1,celltype3
pbmc1k2,GCAGCCAAGAGGTCAC-1,celltype4
pbmc1k2,GCAGCCACATACATCG-1,celltype4
pbmc1k2,GCAGCCAGTTGCGTAT-1,celltype4
pbmc1k2,GCAGCCATCACCGGGT-1,celltype3
pbmc1k2,GCAGCTGGTAAGTTAG-1,celltype1
pbmc1k2,GCAGCTGGTGGGTCAA-1,celltype4
pbmc1k2,GCAGCTGTCAAAGCCT-1,celltype4
pbmc1k2,GCAGCTGTCCTTCTGG-1,celltype3
pbmc1k2,GCAGTTACACATTCTT-1,celltype5
pbmc1k2,GCAGTTATCTCTCTTC-1,celltype1
pbmc1k2,GCATCGGGTAACGATA-1,celltype5
pbmc1k2,GCCAACGTCTAACGCA-1,celltype3
pbmc1k2,GCCAACGTCTGCATAG-1,celltype1
pbmc1k2,GCCAGGTGTTAGAAAC-1,celltype2
pbmc1k2,GCCAGTGAGTCCTACA-1,celltype4
pbmc1k2,GCCGATGAGGCGAAGG-1,celltype7
pbmc1k2,GCCGATGAGTAACCTC-1,celltype2
pbmc1k2,GCCGATGCATCTTTCA-1,celltype4
pbmc1k2,GCCGTGACAACGACTT-1,celltype5
pbmc1k2,GCCGTGACATGCCGGT-1,celltype3
pbmc1k2,GCCGTGAGTCAGTCCG-1,celltype7
pbmc1k2,GCCTGTTCACAGTCAT-1,celltype1
pbmc1k2,GCGAGAAAGTTGTAGA-1,celltype1
pbmc1k2,GCGAGAATCCTCAGAA-1,celltype2
pbmc1k2,GCGGAAAGTGTGTCCG-1,celltype3
pbmc1k2,GCGGATCAGCAACTTC-1,celltype5
pbmc1k2,GCTACAAGTCAGCTTA-1,celltype7
pbmc1k2,GCTACCTCACGCACCA-1,celltype1
pbmc1k2,GCTACCTGTCCTACAA-1,celltype1
pbmc1k2,GCTGAATAGCACTCTA-1,celltype4
pbmc1k2,GCTGAATCACACGGAA-1,celltype4
pbmc1k2,GCTGAATTCGTTAGTG-1,celltype1
pbmc1k2,GCTGCAGAGGGCAGAG-1,celltype4
pbmc1k2,GCTGCAGGTGCTGATT-1,celltype6
pbmc1k2,GCTGCAGGTTGACGGA-1,celltype5
pbmc1k2,GCTGGGTAGTACAACA-1,celltype3
pbmc1k2,GCTTCACCAACACGAG-1,celltype1
pbmc1k2,GCTTGGGAGAAGGTAG-1,celltype1
pbmc1k2,GCTTTCGAGTGCAAAT-1,celltype5
pbmc1k2,GCTTTCGGTTCGGGTC-1,celltype6
pbmc1k2,GCTTTCGTCCGGTAGC-1,celltype6
pbmc1k2,GCTTTCGTCTGGGTCG-1,celltype1
pbmc1k2,GGAACCCAGCCATTTG-1,celltype5
pbmc1k2,GGAACCCTCTAATTCC-1,celltype4
pbmc1k2,GGAAGTGCAACCCTCT-1,celltype5
pbmc1k2,GGAATCTCAAACTGCT-1,celltype2
pbmc1k2,GGAATCTTCAATCTCT-1,celltype6
pbmc1k2,GGAATGGAGGACTAAT-1,celltype1
pbmc1k2,GGAATGGCACGACGCT-1,celltype2
pbmc1k2,GGACGTCGTTCAACGT-1,celltype1
pbmc1k2,GGAGAACGTGCCCACA-1,celltype5
pbmc1k2,GGAGGATGTATGAAAC-1,celltype1
pbmc1k2,GGAGGTAAGGCGTTGA-1,celltype5
pbmc1k2,GGAGGTATCTGGTGCG-1,celltype5
pbmc1k2,GGATCTAAGCAATTCC-1,celltype7
pbmc1k2,GGATCTAGTGCCTGCA-1,celltype7
pbmc1k2,GGATCTATCACCTACC-1,celltype6
pbmc1k2,GGATCTATCATAAGGA-1,celltype3
pbmc1k2,GGATGTTAGCCGGATA-1,celltype6
pbmc1k2,GGCACGTAGGCCCGTT-1,celltype7
pbmc1k2,GGCGTCACATTGTGCA-1,celltype3
pbmc1k2,GGCTGTGCAAAGCTAA-1,celltype3
pbmc1k2,GGCTGTGCACGGTGAA-1,celltype4
pbmc1k2,GGCTGTGGTCCACATA-1,celltype5
pbmc1k2,GGCTTGGCACCGAATT-1,celltype4
pbmc1k2,GGCTTGGGTAGATCGG-1,celltype4
pbmc1k2,GGCTTGGTCTTCTTCC-1,celltype5
pbmc1k2,GGGACAATCCGATCTC-1,celltype1
pbmc1k2,GGGACCTGTTAGGGAC-1,celltype7
pbmc1k2,GGGACCTGTTCTTGTT-1,celltype2
pbmc1k2,GGGACTCCACATATCG-1,celltype2
pbmc1k2,GGGACTCCACGGGCTT-1,celltype1
pbmc1k2,GGGAGATCACGGGTAA-1,celltype2
pbmc1k2,GGGAGATCATGCAGGA-1,celltype7
pbmc1k2,GGGAGATTCACGGACC-1,celltype4
pbmc1k2,GGGAGTAAGCAGGCAT-1,celltype1
pbmc1k2,GGGAGTATCACCTCGT-1,celltype5
pbmc1k2,GGGAGTATCTTAGCCC-1,celltype5
pbmc1k2,GGGATCCAGGGCAATC-1,celltype3
pbmc1k2,GGGATGAAGGGAGGGT-1,celltype2
pbmc1k2,GGGATGAAGTCCCGAC-1,celltype6
pbmc1k2,GGGCCATTCAGACCGC-1,celltype5
pbmc1k2,GGGCTACAGACCAAAT-1,celltype2
pbmc1k2,GGGCTACAGGCAGTCA-1,celltype2
pbmc1k2,GGGCTCATCGCAATTG-1,celltype6
pbmc1k2,GGGTAGAAGTAGGGTC-1,celltype2
pbmc1k2,GGGTCACCAGGAGGTT-1,celltype6
pbmc1k2,GGGTCACGTCCTTAAG-1,celltype1
pbmc1k2,GGGTCACTCACAAGGG-1,celltype5
pbmc1k2,GGGTCTGAGTCAACAA-1,celltype5
pbmc1k2,GGGTCTGGTTTGAAAG-1,celltype6
pbmc1k2,GGGTCTGTCCCGTTCA-1,celltype5
pbmc1k2,GGGTGAACATAAGCAA-1,celltype6
pbmc1k2,GGGTTATCAGCCATTA-1,celltype3
pbmc1k2,GGGTTTACACAGAGCA-1,celltype5
pbmc1k2,GGGTTTACACTAAACC-1,celltype4
pbmc1k2,GGTAATCCAAAGGAGA-1,celltype3
pbmc1k2,GGTAATCCACAGCATT-1,celltype1
pbmc1k2,GGTAATCCATACCACA-1,celltype5
pbmc1k2,GGTAATCTCAAGTTGC-1,celltype1
pbmc1k2,GGTAGAGAGACCAGCA-1,celltype5
pbmc1k2,GGTCACGCAATGGCCC-1,celltype6
pbmc1k2,GGTCACGGTCGTGATT-1,celltype2
pbmc1k2,GGTCTGGTCAGACATC-1,celltype4
pbmc1k2,GGTCTGGTCTCCCAAC-1,celltype3
pbmc1k2,GGTGATTAGCTGTACT-1,celltype4
pbmc1k2,GGTGATTCAGCTCGGT-1,celltype1
pbmc1k2,GGTGGCTGTGCGCTCA-1,celltype3
pbmc1k2,GGTGTCGCAACGATCT-1,celltype5
pbmc1k2,GGTGTCGGTGTTATCG-1,celltype4
pbmc1k2,GGTGTTAGTGGATTTC-1,celltype4
pbmc1k2,GGTTAACTCACTCACC-1,celltype7
pbmc1k2,GGTTCTCCAGGTTCCG-1,celltype5
pbmc1k2,GGTTGTATCGAAGGAC-1,celltype3
pbmc1k2,GTAACACAGAAAGCGA-1,celltype3
pbmc1k2,GTAACACAGCTCCGAC-1,celltype1
pbmc1k2,GTAACACGTAGATGTA-1,celltype3
pbmc1k2,GTAACACGTGGCGTAA-1,celltype5
pbmc1k2,GTAAGTCTCGATTGGT-1,celltype2
pbmc1k2,GTAATCGCAGTTTCGA-1,celltype3
pbmc1k2,GTAATCGGTTGCGAAG-1,celltype3
pbmc1k2,GTAATGCCACCAGTAT-1,celltype1
pbmc1k2,GTACAACAGATAGCTA-1,celltype3
pbmc1k2,GTAGAAACATGGACAG-1,celltype5
pbmc1k2,GTAGAAATCTGAGATC-1,celltype1
pbmc1k2,GTAGAGGCAACTTCTT-1,celltype2
pbmc1k2,GTAGATCCATCCCGTT-1,celltype6
pbmc1k2,GTAGCTATCTCATGGA-1,celltype1
pbmc1k2,GTAGGAGTCCGTCACT-1,celltype3
pbmc1k2,GTAGGTTCAGAAGCGT-1,celltype2
pbmc1k2,GTAGGTTGTGTTCGTA-1,celltype3
pbmc1k2,GTAGTACCACCCTATC-1,celltype1
pbmc1k2,GTAGTACTCTGTGTGA-1,celltype1
pbmc1k2,GTATTTCAGAAGAGCA-1,celltype2
pbmc1k2,GTCAAACCAAGCACCC-1,celltype2
pbmc1k2,GTCAAACTCAATGCAC-1,celltype7
pbmc1k2,GTCAAGTCAATACCTG-1,celltype7
pbmc1k2,GTCACGGAGCGGGTTA-1,celltype2
pbmc1k2,GTCACGGCACCGTACG-1,celltype6
pbmc1k2,GTCACTCTCTTGAACG-1,celltype2
pbmc1k2,GTCATGAAGACTCATC-1,celltype7
pbmc1k2,GTCATGAAGTTTGGCT-1,celltype5
pbmc1k2,GTCATGACATTGGATC-1,celltype4
pbmc1k2,GTCATTTCAAGAGAGA-1,celltype2
pbmc1k2,GTCATTTGTACGACTT-1,celltype7
pbmc1k2,GTCATTTTCCTAGAGT-1,celltype3
pbmc1k2,GTCCCATCATGCCGAC-1,celltype2
pbmc1k2,GTCCTCAAGTCACGAG-1,celltype4
pbmc1k2,GTCGAATAGGAGTATT-1,celltype4
pbmc1k2,GTCGAATCAGAACCGA-1,celltype5
pbmc1k2,GTCGAATGTCAAGCGA-1,celltype5
pbmc1k2,GTCGCGAAGCAGCGAT-1,celltype3
pbmc1k2,GTCGCGAGTTTACCTT-1,celltype3
pbmc1k2,GTCTACCCAGGAAGTC-1,celltype2
pbmc1k2,GTCTAGACAATGCAGG-1,celltype7
pbmc1k2,GTCTAGAGTATGTCAC-1,celltype1
pbmc1k2,GTCTAGATCGAGAGAC-1,celltype4
pbmc1k2,GTCTGTCAGATACGAT-1,celltype6
pbmc1k2,GTCTGTCTCGAGCCTG-1,celltype3
pbmc1k2,GTGAGCCCATCTTCGC-1,celltype3
pbmc1k2,GTGAGCCGTGATCGTT-1,celltype3
pbmc1k2,GTGAGCCTCTGGAAGG-1,celltype5
pbmc1k2,GTGAGGAAGCATTGAA-1,celltype3
pbmc1k2,GTGAGGACACAACATC-1,celltype3
pbmc1k2,GTGAGGACACTTTAGG-1,celltype2
pbmc1k2,GTGAGTTTCCAATGCA-1,celltype6
pbmc1k2,GTGATGTAGACATCAA-1,celltype6
pbmc1k2,GTGCGTGAGCTTCTAG-1,celltype1
pbmc1k2,GTGCTGGCAGGCTACC-1,celltype3
pbmc1k2,GTGCTGGTCAAACCTG-1,celltype2
pbmc1k2,GTGCTTCAGACCATAA-1,celltype5
pbmc1k2,GTGCTTCCACTCATAG-1,celltype3
pbmc1k2,GTGCTTCGTCGCTTGG-1,celltype5
pbmc1k2,GTGGAAGAGCCAAGTG-1,celltype3
pbmc1k2,GTGGAGAAGATCCGAG-1,celltype7
pbmc1k2,GTGGCGTAGAATAACC-1,celltype3
pbmc1k2,GTGGCGTCAATCGAAA-1,celltype3
pbmc1k2,GTGGGAAAGGTCGTAG-1,celltype4
pbmc1k2,GTGGGAACATGAGTAA-1,celltype6
pbmc1k2,GTGGTTAAGTAACCGG-1,celltype7
pbmc1k2,GTGTAACTCTTGGTGA-1,celltype7
pbmc1k2,GTGTCCTAGTCGGCCT-1,celltype3
pbmc1k2,GTGTCCTCAGTTGTTG-1,celltype4
pbmc1k2,GTGTCCTGTGGCCTCA-1,celltype2
pbmc1k2,GTGTGATCACTACGGC-1,celltype6
pbmc1k2,GTGTGATTCTTACGTT-1,celltype3
pbmc1k2,GTGTGGCAGGTACTGG-1,celltype1
pbmc1k2,GTGTGGCAGGTAGTCG-1,celltype3
pbmc1k2,GTGTGGCGTAAGTTGA-1,celltype7
pbmc1k2,GTGTGGCTCACCACAA-1,celltype2
pbmc1k2,GTGTTAGAGACGGTCA-1,celltype7
pbmc1k2,GTGTTCCAGGTGCCTC-1,celltype4
pbmc1k2,GTGTTCCGTAGTTCCA-1,celltype7
pbmc1k2,GTTACAGAGGGCTAAC-1,celltype7
pbmc1k2,GTTACAGAGTGTAGTA-1,celltype2
pbmc1k2,GTTACAGCAAATCAGA-1,celltype2
pbmc1k2,GTTACGAGTATGAGAT-1,celltype5
pbmc1k2,GTTAGTGAGAACGTGC-1,celltype6
pbmc1k2,GTTAGTGCACCTCTAC-1,celltype1
pbmc1k2,GTTCATTTCCGATGCG-1,celltype7
pbmc1k2,GTTCCGTAGTTGCCCG-1,celltype5
pbmc1k2,GTTCCGTCACCCGTAG-1,celltype3
pbmc1k2,GTTCTATCAAATGAGT-1,celltype4
pbmc1k2,GTTCTATCACGTGTGC-1,celltype1
pbmc1k2,GTTCTATTCTACACTT-1,celltype3
pbmc1k2,GTTGAACAGGAACATT-1,celltype3
pbmc1k2,GTTGAACGTACCCGCA-1,celltype1
pbmc1k2,GTTGCGGAGCTGCCTG-1,celltype2
pbmc1k2,GTTGCTCAGTTTCGAC-1,celltype3
pbmc1k2,GTTGCTCTCATTTCCA-1,celltype6
pbmc1k2,GTTGTAGCAGTTCTAG-1,celltype3
pbmc1k2,GTTGTGAAGACCTTTG-1,celltype7
pbmc1k2,GTTGTGATCTCGGTCT-1,celltype2
pbmc1k2,GTTTGGAGTGTATACC-1,celltype6
pbmc1k2,TAACGACCACATATGC-1,celltype2
pbmc1k2,TAACGACGTGCCTACG-1,celltype7
pbmc1k2,TAACTTCGTTGTGGAG-1,celltype3
pbmc1k2,TAAGCACAGAAGCTGC-1,celltype6
pbmc1k2,TAAGCACTCACCATAG-1,celltype4
pbmc1k2,TAAGCCAGTCCAACGC-1,celltype7
pbmc1k2,TAAGCCATCTGGCCTT-1,celltype4
pbmc1k2,TAAGCGTTCGTTGCCT-1,celltype4
pbmc1k2,TAAGCGTTCTGTCGTC-1,celltype2
pbmc1k2,TAATTCCCACTCCGGA-1,celltype3
pbmc1k2,TAATTCCGTATTGACC-1,celltype1
pbmc1k2,TAATTCCGTCAGTCCG-1,celltype6
pbmc1k2,TACAACGCAAAGGTTA-1,celltype2
pbmc1k2,TACAACGCATAGATCC-1,celltype2
pbmc1k2,TACACCCTCGACTCCT-1,celltype2
pbmc1k2,TACAGGTTCCTTACCG-1,celltype6
pbmc1k2,TACATTCGTGGCTTAT-1,celltype6
pbmc1k2,TACCGGGTCCTCGATC-1,celltype7
pbmc1k2,TACCTCGCACCCAACG-1,celltype2
pbmc1k2,TACCTGCAGTCACGCC-1,celltype7
pbmc1k2,TACCTGCAGTCTGCAT-1,celltype6
pbmc1k2,TACCTGCTCCAAGCTA-1,celltype4
pbmc1k2,TACGCTCGTCAATCTG-1,celltype7
pbmc1k2,TACGCTCTCTCGGTCT-1,celltype1
pbmc1k2,TACGCTCTCTTAAGGC-1,celltype4
pbmc1k2,TACGGGCTCAACGAGG-1,celltype2
pbmc1k2,TACGGGCTCTACCACC-1,celltype2
pbmc1k2,TACGTCCCAAGTGATA-1,celltype1
pbmc1k2,TACGTCCCATGTGTCA-1,celltype3
pbmc1k2,TACTTACAGGCATCTT-1,celltype7
pbmc1k2,TACTTCATCATGCCGG-1,celltype3
pbmc1k2,TAGACCAGTCTCGGGT-1,celltype2
pbmc1k2,TAGACTGAGATTGTGA-1,celltype4
pbmc1k2,TAGACTGGTCTTGAAC-1,celltype5
pbmc1k2,TAGACTGTCGCCGAGT-1,celltype1
pbmc1k2,TAGAGTCGTTGTGTAC-1,celltype5
pbmc1k2,TAGATCGCAAATGGTA-1,celltype5
pbmc1k2,TAGATCGCACACGCCA-1,celltype2
pbmc1k2,TAGATCGTCACAACCA-1,celltype1
pbmc1k2,TAGCACAAGTACTCGT-1,celltype5
pbmc1k2,TAGGAGGCAAGACCTT-1,celltype4
pbmc1k2,TAGGAGGGTTCCAGGC-1,celltype4
pbmc1k2,TAGGGTTAGAGAGCGG-1,celltype6
pbmc1k2,TAGGGTTAGGAACATT-1,celltype4
pbmc1k2,TAGGTACGTGTCATCA-1,celltype1
pbmc1k2,TAGGTACTCGAAGCAG-1,celltype3
pbmc1k2,TAGTGCACACTCGATA-1,celltype1
pbmc1k2,TAGTGCACAGAGGAAA-1,celltype1
pbmc1k2,TATACCTGTTCTCGTC-1,celltype3
pbmc1k2,TATACCTTCTGTCCGT-1,celltype5
pbmc1k2,TATATCCCATGCGTGC-1,celltype4
pbmc1k2,TATCGCCTCTCCCAAC-1,celltype1
pbmc1k2,TATCTTGTCCATCTCG-1,celltype1
pbmc1k2,TATCTTGTCGGCTTGG-1,celltype5
pbmc1k2,TATGTTCAGTATGGAT-1,celltype3
pbmc1k2,TATTGCTTCTCGAACA-1,celltype3
pbmc1k2,TCAAGCATCCACTTTA-1,celltype6
pbmc1k2,TCAATCTAGAGGTTTA-1,celltype2
pbmc1k2,TCAATCTGTTTCCCAC-1,celltype4
pbmc1k2,TCACAAGGTAGTGGCA-1,celltype2
pbmc1k2,TCACAAGGTGGATACG-1,celltype1
pbmc1k2,TCACACCCACCAGCCA-1,celltype1
pbmc1k2,TCACACCGTCTCACGG-1,celltype3
pbmc1k2,TCACACCGTTAAACCC-1,celltype1
pbmc1k2,TCACACCTCTGGGAGA-1,celltype6
pbmc1k2,TCACACCTCTTACCAT-1,celltype3
pbmc1k2,TCACATTCAGAACTAA-1,celltype1
pbmc1k2,TCACATTCATGCCATA-1,celltype6
pbmc1k2,TCACGCTAGGACATCG-1,celltype3
pbmc1k2,TCACGCTGTCTGCCTT-1,celltype2
pbmc1k2,TCACGCTTCACTAGCA-1,celltype2
pbmc1k2,TCACGCTTCGCTGACG-1,celltype7
pbmc1k2,TCACGCTTCGGACTGC-1,celltype2
pbmc1k2,TCACGGGCAACCGACC-1,celltype5
pbmc1k2,TCACTATGTTTAGACC-1,celltype3
pbmc1k2,TCACTCGCAAAGCAAT-1,celltype1
pbmc1k2,TCACTCGGTCAACCAT-1,celltype2
pbmc1k2,TCACTCGTCGGTCATA-1,celltype1
pbmc1k2,TCAGCAACAAATCAAG-1,celltype1
pbmc1k2,TCAGCAAGTATGACAA-1,celltype1
pbmc1k2,TCAGGGCTCATGCGGC-1,celltype2
pbmc1k2,TCAGGTACAATCGCAT-1,celltype4
pbmc1k2,TCAGGTAGTATGGTAA-1,celltype6
pbmc1k2,TCAGTCCGTAAGATCA-1,celltype1
pbmc1k2,TCAGTCCGTCTCTCAC-1,celltype6
pbmc1k2,TCAGTTTAGGATATAC-1,celltype1
pbmc1k2,TCATACTCAGGTACGA-1,celltype3
pbmc1k2,TCATACTTCAGAGCAG-1,celltype6
pbmc1k2,TCATATCCATGCTGCG-1,celltype4
pbmc1k2,TCATCATAGCACACAG-1,celltype1
pbmc1k2,TCATCATGTTGCACGC-1,celltype5
pbmc1k2,TCATCCGTCCAACTGA-1,celltype4
pbmc1k2,TCATGAGCAAGGCAAC-1,celltype7
pbmc1k2,TCATGCCCAAAGCGTG-1,celltype3
pbmc1k2,TCATGCCGTGTCTTAG-1,celltype2
pbmc1k2,TCATGTTAGAGGCGGA-1,celltype4
pbmc1k2,TCATGTTGTGTGTGTT-1,celltype2
pbmc1k2,TCATTACGTGCATGAG-1,celltype3
pbmc1k2,TCATTGTGTGAGCAGT-1,celltype2
pbmc1k2,TCCATCGGTTTAGTCG-1,celltype4
pbmc1k2,TCCCACACACTAGAGG-1,celltype7
pbmc1k2,TCCCACACAGACCAAG-1,celltype5
pbmc1k2,TCCCAGTAGACCGTTT-1,celltype1
pbmc1k2,TCCCAGTTCGACATAC-1,celltype1
pbmc1k2,TCCCATGTCGGCCCAA-1,celltype2
pbmc1k2,TCCGATCTCAAACCTG-1,celltype6
pbmc1k2,TCCGGGACACGGGCTT-1,celltype7
pbmc1k2,TCCTCCCAGTCTAACC-1,celltype5
pbmc1k2,TCCTCGATCTCTCGAC-1,celltype6
pbmc1k2,TCCTCTTAGAGTGAAG-1,celltype1
pbmc1k2,TCCTCTTAGCCAAGGT-1,celltype1
pbmc1k2,TCCTTCTCAACTCGTA-1,celltype1
pbmc1k2,TCCTTTCTCGCTGTCT-1,celltype4
pbmc1k2,TCGAAGTGTATCAGGG-1,celltype3
pbmc1k2,TCGACCTCAAAGACTA-1,celltype2
pbmc1k2,TCGACCTCAAGTAGTA-1,celltype7
pbmc1k2,TCGACGGTCGAAGTGG-1,celltype6
pbmc1k2,TCGATTTGTACGCTTA-1,celltype6
pbmc1k2,TCGCAGGAGATTGACA-1,celltype6
pbmc1k2,TCGCAGGGTAGGCTCC-1,celltype2
pbmc1k2,TCGCAGGGTTCTAACG-1,celltype2
pbmc1k2,TCGCTCACAAGATTGA-1,celltype2
pbmc1k2,TCGCTTGAGAGACAAG-1,celltype3
pbmc1k2,TCGCTTGAGCATTTGC-1,celltype3
pbmc1k2,TCGGGACGTAACGGTG-1,celltype5
pbmc1k2,TCGGGACTCTAGATCG-1,celltype2
pbmc1k2,TCGGGCACAGTTACCA-1,celltype2
pbmc1k2,TCGGGCATCCGATTAG-1,celltype6
pbmc1k2,TCGGGCATCTGAACGT-1,celltype1
pbmc1k2,TCGGGTGCAGTCTGGC-1,celltype5
pbmc1k2,TCGGTCTTCATTGCTT-1,celltype6
pbmc1k2,TCGGTCTTCGACATAC-1,celltype6
pbmc1k2,TCGTAGACAATGAAAC-1,celltype5
pbmc1k2,TCGTGCTGTAAGGAGA-1,celltype2
pbmc1k2,TCGTGCTGTGATCATC-1,celltype4
pbmc1k2,TCGTGGGCAGAAGTGC-1,celltype7
pbmc1k2,TCTAACTAGGTCCAGA-1,celltype6
pbmc1k2,TCTACCGCAGTCGTTA-1,celltype6
pbmc1k2,TCTACCGTCCACGGAC-1,celltype2
pbmc1k2,TCTATACGTTATCCAG-1,celltype5
pbmc1k2,TCTATCAGTATGCTAC-1,celltype5
pbmc1k2,TCTATCAGTTGCCGAC-1,celltype7
pbmc1k2,TCTCACGAGGCTCCCA-1,celltype3
pbmc1k2,TCTCCGAAGTCAATCC-1,celltype1
pbmc1k2,TCTCCGATCTCTCTTC-1,celltype4
pbmc1k2,TCTCTGGCAAAGCAAT-1,celltype1
pbmc1k2,TCTGCCAAGTTACGGG-1,celltype7
pbmc1k2,TCTGCCAGTAACGCGA-1,celltype2
pbmc1k2,TCTGCCAGTAGATGTA-1,celltype1
pbmc1k2,TCTGGCTCATCCTGTC-1,celltype6
pbmc1k2,TCTGTCGAGACTAGAT-1,celltype5
pbmc1k2,TCTGTCGCACCAGCGT-1,celltype3
pbmc1k2,TCTTAGTAGGCCTGCT-1,celltype2
pbmc1k2,TCTTAGTCAACACGAG-1,celltype1
pbmc1k2,TCTTAGTGTTGCCAAT-1,celltype1
pbmc1k2,TCTTAGTTCAGAATAG-1,celltype3
pbmc1k2,TCTTCCTCACCAAAGG-1,celltype7
pbmc1k2,TCTTGCGAGATGAAGG-1,celltype6
pbmc1k2,TCTTGCGCACTACTTT-1,celltype4
pbmc1k2,TCTTGCGCAGAGGAAA-1,celltype6
pbmc1k2,TCTTGCGGTCCAGCCA-1,celltype6
pbmc1k2,TCTTTGAGTGGAGAAA-1,celltype4
pbmc1k2,TGAACGTCAAATGAAC-1,celltype3
pbmc1k2,TGAACGTGTAACTAAG-1,celltype6
pbmc1k2,TGAACGTGTCCATAGT-1,celltype5
pbmc1k2,TGAATGCGTGGACTAG-1,celltype4
pbmc1k2,TGAATGCTCGACGAGA-1,celltype5
pbmc1k2,TGAATGCTCGCCGTGA-1,celltype1
pbmc1k2,TGACAGTTCGAGATGG-1,celltype4
pbmc1k2,TGACCCTTCTCATTGT-1,celltype1
pbmc1k2,TGACGCGGTGGCTTAT-1,celltype5
pbmc1k2,TGACTCCAGTCTCCTC-1,celltype2
pbmc1k2,TGACTCCCACCATAAC-1,celltype5
pbmc1k2,TGAGACTAGGCTGAAC-1,celltype2
pbmc1k2,TGAGCATTCCATTGCC-1,celltype3
pbmc1k2,TGAGCATTCCTTCACG-1,celltype2
pbmc1k2,TGAGCATTCGATACTG-1,celltype6
pbmc1k2,TGAGCATTCTGTCTCG-1,celltype1
pbmc1k2,TGAGCGCCACTATGTG-1,celltype1
pbmc1k2,TGAGCGCCAGCATACT-1,celltype1
pbmc1k2,TGAGCGCTCGTCTAAG-1,celltype3
pbmc1k2,TGAGGAGTCCATCGTC-1,celltype4
pbmc1k2,TGAGGGATCAAACGTC-1,celltype4
pbmc1k2,TGAGGGATCATAAGGA-1,celltype7
pbmc1k2,TGAGGTTCAAACTAGA-1,celltype5
pbmc1k2,TGAGGTTCAGGACATG-1,celltype1
pbmc1k2,TGAGGTTGTAGCTTTG-1,celltype1
pbmc1k2,TGAGTCACAGAACGCA-1,celltype1
pbmc1k2,TGAGTCAGTAACCCTA-1,celltype3
pbmc1k2,TGAGTCAGTCACTCTC-1,celltype5
pbmc1k2,TGATCAGAGGATTCAA-1,celltype1
pbmc1k2,TGATGCACAGGGCTTC-1,celltype3
pbmc1k2,TGATGGTAGACCCGCT-1,celltype3
pbmc1k2,TGATTCTGTAGGTACG-1,celltype7
pbmc1k2,TGCACGGTCGAGTACT-1,celltype4
pbmc1k2,TGCAGGCAGCGTTCAT-1,celltype2
pbmc1k2,TGCAGGCCAGGAATAT-1,celltype2
pbmc1k2,TGCAGTAAGTAGTCCT-1,celltype4
pbmc1k2,TGCAGTATCCACATAG-1,celltype1
pbmc1k2,TGCATCCCACCCAACG-1,celltype4
pbmc1k2,TGCATGAAGCACCCAC-1,celltype2
pbmc1k2,TGCGACGAGCGACAGT-1,celltype3
pbmc1k2,TGCGATAAGAATCGCG-1,celltype3
pbmc1k2,TGCGGCAAGTGGTGAC-1,celltype3
pbmc1k2,TGCGGCACAAAGACGC-1,celltype2
pbmc1k2,TGCTCCACAATCTAGC-1,celltype3
pbmc1k2,TGCTCGTAGACGAGCT-1,celltype2
pbmc1k2,TGCTCGTTCCCATTTA-1,celltype4
pbmc1k2,TGCTGAACAGCACAAG-1,celltype6
pbmc1k2,TGCTTCGCATAGCTGT-1,celltype5
pbmc1k2,TGCTTGCGTGAACTAA-1,celltype2
pbmc1k2,TGGAACTAGCGTCTCG-1,celltype5
pbmc1k2,TGGAGAGCAGTCAGTT-1,celltype5
pbmc1k2,TGGAGGAAGTAGGAAG-1,celltype5
pbmc1k2,TGGAGGAGTCTTTATC-1,celltype7
pbmc1k2,TGGAGGATCGACATTG-1,celltype7
pbmc1k2,TGGATCAGTTCTCCCA-1,celltype5
pbmc1k2,TGGATGTTCACGGGAA-1,celltype3
pbmc1k2,TGGATGTTCTATCCAT-1,celltype7
pbmc1k2,TGGCGTGGTGGATTTC-1,celltype3
pbmc1k2,TGGGAAGTCGATTGGT-1,celltype3
pbmc1k2,TGGGAGAAGCAAGTGC-1,celltype4
pbmc1k2,TGGGAGAAGTGGTGGT-1,celltype5
pbmc1k2,TGGGATTAGTCACGAG-1,celltype3
pbmc1k2,TGGGATTGTACGATGG-1,celltype1
pbmc1k2,TGGGCGTAGTGGAATT-1,celltype4
pbmc1k2,TGGGCGTCAAATTGCC-1,celltype7
pbmc1k2,TGGGCTGAGAGGGTCT-1,celltype2
pbmc1k2,TGGGCTGAGCGTTAGG-1,celltype1
pbmc1k2,TGGGCTGCATCCGATA-1,celltype3
pbmc1k2,TGGGCTGGTCGCGGTT-1,celltype3
pbmc1k2,TGGGTTAGTATTGAGA-1,celltype1
pbmc1k2,TGGGTTAGTGCACGCT-1,celltype4
pbmc1k2,TGGGTTATCAGTAGGG-1,celltype5
pbmc1k2,TGGTACACAAAGGGTC-1,celltype2
pbmc1k2,TGGTAGTCAGGCATGA-1,celltype2
pbmc1k2,TGGTAGTCATCACAGT-1,celltype2
pbmc1k2,TGGTAGTTCCCTCATG-1,celltype5
pbmc1k2,TGGTTAGTCAACCTTT-1,celltype7
pbmc1k2,TGTAACGGTTGCGTAT-1,celltype7
pbmc1k2,TGTACAGAGACTCGAG-1,celltype1
pbmc1k2,TGTACAGAGTGAGTTA-1,celltype5
pbmc1k2,TGTACAGGTGGATTTC-1,celltype2
pbmc1k2,TGTAGACTCCATTTAC-1,celltype5
pbmc1k2,TGTCAGACAACTTGGT-1,celltype6
pbmc1k2,TGTCAGACACTCACTC-1,celltype6
pbmc1k2,TGTCCACCAACTGGTT-1,celltype3
pbmc1k2,TGTCCACTCGCTTACC-1,celltype7
pbmc1k2,TGTCCCAAGCTCCATA-1,celltype6
pbmc1k2,TGTCCCAAGGTCATAA-1,celltype4
pbmc1k2,TGTCCCACATACTTTC-1,celltype2
pbmc1k2,TGTCCCAGTCAGGCAA-1,celltype5
pbmc1k2,TGTCCCAGTCGGTGTC-1,celltype5
pbmc1k2,TGTCCTGGTACTTGTG-1,celltype2
pbmc1k2,TGTCCTGGTTGGCTAT-1,celltype4
pbmc1k2,TGTCCTGTCGGCTATA-1,celltype7
pbmc1k2,TGTGATGAGCGACTGA-1,celltype4
pbmc1k2,TGTGATGCATTCTCTA-1,celltype6
pbmc1k2,TGTGCGGGTCGTCGGT-1,celltype3
pbmc1k2,TGTGCGGTCACATACG-1,celltype1
pbmc1k2,TGTGGCGTCGTACCTC-1,celltype5
pbmc1k2,TGTGTGATCTGACAGT-1,celltype2
pbmc1k2,TGTTCATAGCTGCCTG-1,celltype6
pbmc1k2,TGTTCATGTCCTGGGT-1,celltype3
pbmc1k2,TGTTCCGCAAGTATAG-1,celltype4
pbmc1k2,TGTTGAGCACAACGAG-1,celltype5
pbmc1k2,TGTTGAGTCTCGACCT-1,celltype4
pbmc1k2,TGTTTGTGTGGAAATT-1,celltype1
pbmc1k2,TTAATCCAGCTACTAC-1,celltype1
pbmc1k2,TTACAGGGTGATTCTG-1,celltype3
pbmc1k2,TTACCGCGTCCGAAAG-1,celltype1
pbmc1k2,TTACGCCCACGTCGTG-1,celltype5
pbmc1k2,TTACGCCTCAATGCAC-1,celltype2
pbmc1k2,TTACGTTGTTTACGAC-1,celltype3
pbmc1k2,TTACGTTTCTCGCTTG-1,celltype2
pbmc1k2,TTACTGTCATACATCG-1,celltype4
pbmc1k2,TTACTGTGTAAGAACT-1,celltype5
pbmc1k2,TTACTGTGTTAAGGGC-1,celltype4
pbmc1k2,TTAGGGTCAGGTCAGA-1,celltype7
pbmc1k2,TTAGGGTGTCACATTG-1,celltype3
pbmc1k2,TTAGTCTCACGTATAC-1,celltype2
pbmc1k2,TTATTGCCAAACGGCA-1,celltype4
pbmc1k2,TTATTGCGTACGTAGG-1,celltype1
pbmc1k2,TTATTGCGTCAACACT-1,celltype3
pbmc1k2,TTATTGCGTGTCTTCC-1,celltype5
pbmc1k2,TTCACCGCAGCCCAGT-1,celltype4
pbmc1k2,TTCACGCGTTAAGTCC-1,celltype6
pbmc1k2,TTCACGCTCTATCCAT-1,celltype6
pbmc1k2,TTCAGGAAGATTGGGC-1,celltype2
pbmc1k2,TTCAGGAGTCTACAAC-1,celltype4
pbmc1k2,TTCATGTAGGTCATAA-1,celltype2
pbmc1k2,TTCATTGGTACGAAAT-1,celltype7
pbmc1k2,TTCCACGAGGAAGTGA-1,celltype7
pbmc1k2,TTCCACGGTCAACACT-1,celltype4
pbmc1k2,TTCCGTGCACTCACTC-1,celltype2
pbmc1k2,TTCCGTGGTTCCAGGC-1,celltype4
pbmc1k2,TTCCTAAGTGACGTCC-1,celltype7
pbmc1k2,TTCCTCTGTACCTGTA-1,celltype1
pbmc1k2,TTCCTTCAGCCTCAAT-1,celltype7
pbmc1k2,TTCCTTCAGGTAGTCG-1,celltype5
pbmc1k2,TTCCTTCAGTAGTCAA-1,celltype6
pbmc1k2,TTCCTTCGTGACACGA-1,celltype5
pbmc1k2,TTCGATTTCTGACCCT-1,celltype7
pbmc1k2,TTCGCTGAGGGTTAGC-1,celltype3
pbmc1k2,TTCGCTGAGGTTCCGC-1,celltype7
pbmc1k2,TTCGCTGCACTAGTAC-1,celltype4
pbmc1k2,TTCGCTGTCGGACTGC-1,celltype2
pbmc1k2,TTCTCTCGTATCGTAC-1,celltype6
pbmc1k2,TTCTTGAGTCTTGCTC-1,celltype5
pbmc1k2,TTGACCCGTCTCGGGT-1,celltype3
pbmc1k2,TTGACCCTCGTAGTGT-1,celltype3
pbmc1k2,TTGATGGCATAAGATG-1,celltype4
pbmc1k2,TTGATGGTCGCTAAAC-1,celltype7
pbmc1k2,TTGCATTGTGCCTTCT-1,celltype4
pbmc1k2,TTGCCTGAGAGTGACC-1,celltype5
pbmc1k2,TTGCCTGAGTGGAAAG-1,celltype5
pbmc1k2,TTGCCTGGTAGCTGCC-1,celltype1
pbmc1k2,TTGCTGCCATTGCCGG-1,celltype1
pbmc1k2,TTGGGATCAACGGGTA-1,celltype3
pbmc1k2,TTGGGATTCAGGAAGC-1,celltype1
pbmc1k2,TTGGGATTCTCTCTAA-1,celltype5
pbmc1k2,TTGGGCGCACGGTGAA-1,celltype6
pbmc1k2,TTGGGCGGTCGGAAAC-1,celltype4
pbmc1k2,TTGGGTAGTGCTAGCC-1,celltype5
pbmc1k2,TTGGGTATCACCGACG-1,celltype5
pbmc1k2,TTGGTTTCACTGGATT-1,celltype3
pbmc1k2,TTGTGGATCTAAGAAG-1,celltype2
pbmc1k2,TTGTGTTGTGTGTCCG-1,celltype2
pbmc1k2,TTGTTCACACTTGTGA-1,celltype1
pbmc1k2,TTGTTCACAGTCGCTG-1,celltype1
pbmc1k2,TTGTTCATCTTTACAC-1,celltype5
pbmc1k2,TTGTTTGAGGTCGACA-1,celltype2
pbmc1k2,TTGTTTGTCCAACCGG-1,celltype5
pbmc1k2,TTTACTGTCACGGGAA-1,celltype4
pbmc1k2,TTTATGCCAGTGGCTC-1,celltype7
pbmc1k2,TTTATGCGTAACATAG-1,celltype6
pbmc1k2,TTTATGCGTTGATCGT-1,celltype4
pbmc1k2,TTTATGCTCACTCGAA-1,celltype7
pbmc1k2,TTTCACATCGACGCTG-1,celltype7
pbmc1k2,TTTCACATCTCAGGCG-1,celltype4
pbmc1k2,TTTCATGGTGCCTAAT-1,celltype4
pbmc1k2,TTTCATGTCACTCACC-1,celltype1
pbmc1k2,TTTCCTCCACAGAGCA-1,celltype4
pbmc1k2,TTTCCTCTCCTACACC-1,celltype6
pbmc1k2,TTTCCTCTCTCTTGCG-1,celltype1
pbmc1k2,TTTGATCTCTTTGGAG-1,celltype6
pbmc1k2,TTTGGTTAGTAACCTC-1,celltype2
pbmc1k2,TTTGGTTGTAGAATAC-1,celltype1
pbmc1k2,TTTGTTGCAATTAGGA-1,celltype4